feature_0,feature_1,feature_2,feature_3,feature_4,feature_5,feature_6,feature_7,feature_8,feature_9,feature_10,feature_11,feature_12,feature_13,feature_14,feature_15,feature_16,feature_17,feature_18,feature_19,feature_20,feature_21,feature_22,feature_23,feature_24,feature_25,feature_26,feature_27,feature_28,feature_29,feature_30,feature_31,feature_32,feature_33,feature_34,feature_35,feature_36,feature_37,feature_38,feature_39,feature_40,feature_41,feature_42,feature_43,feature_44,feature_45,feature_46,feature_47,feature_48,feature_49,feature_50,feature_51,feature_52,feature_53,feature_54,feature_55,feature_56,feature_57,feature_58,feature_59,feature_60,feature_61,feature_62,feature_63,feature_64,feature_65,feature_66,feature_67,feature_68,feature_69,feature_70,feature_71,feature_72,feature_73,feature_74,feature_75,feature_76,feature_77,feature_78,feature_79,feature_80,feature_81,feature_82,feature_83,feature_84,feature_85,feature_86,feature_87,feature_88,feature_89,feature_90,feature_91,feature_92,feature_93,feature_94,feature_95,feature_96,label,split,source_file
0.9476087513592469,0.017264092042305636,0.9715463154609135,0.9306373306891706,0.34060997859651465,0.04287164914316235,0.40334041662096204,0.2994327216723761,16.73699545285475,5.520133708059552,22.1638480564665,9.084140775144236,0.059033688035680154,0.004152176319710923,0.06422681339406426,0.05492991761982909,0.059033688035680154,0.004152176319710923,0.9025582784860904,0.03381342906329522,0.9317382702221085,0.8484907161701741,0.2754179614985464,0.027583684844196113,0.3025481443172789,0.2353062232481419,31.134104650657587,10.80631420747874,48.41757158944672,21.81188039172356,0.051913087828955914,0.0030825461734604845,0.05498476720453154,0.048184393497593896,0.051913087828955914,0.0030825461734604845,0.768799033439544,0.03457246439339436,0.8043470262239841,0.711607040685837,0.19621316079672213,0.008133835567814681,0.20583710943065978,0.1836339944686095,73.93314972572534,11.065633245886277,92.22515352294144,62.51846315448875,0.04197175046337539,0.00046630957399829875,0.0422809037511386,0.041165285423216076,0.04197175046337539,0.00046630957399829875,0.8729886877616272,0.08151615547030433,0.27074703363059444,0.06613860218500049,40.60141660974589,26.0757969992426,0.05097284210933715,0.007612293863674102,0.05097284210933715,0.007612293863674102,159.54349530850388,59.08968431122449,0.1515643447637558,0.1515643447637558,0.7374138236045837,1.358793020248413,0.07987891137599945,0.007186918053776026,18.75675392150879,0.3292118012905121,3.2658989429473877,0.1515643447637558,43.51596450805664,9.234723091125488,29.0,122.0,43.0,36.0,50.0,59.089683532714844,12.63105297088623,40.0,123.0,58.0,49.0,68.0,54.29428482055664,9.29766845703125,36.0,114.0,54.0,47.0,61.0,173.88187433333334,train,cluster_000_biomass_173.88.png
0.9374611287876999,0.01959759653607274,0.9575417081996465,0.9164318819192145,0.3211886176365003,0.040780904253325846,0.36470247399668587,0.2785669304191513,10.606621325081992,3.319697739602485,14.168915522129979,7.200972934016709,0.05281517496641211,0.004179894260960771,0.057231022444705494,0.04843209193028945,0.05281517496641211,0.004179894260960771,0.8832805122078922,0.03463644529910815,0.9193565190366427,0.8476601069773603,0.2495465413816797,0.030994312841741374,0.28238978409321813,0.21659313259029578,19.78947553629595,5.872694013214363,25.85559443371948,13.673208791650806,0.045431189309209224,0.0032150100586208243,0.04885072983271887,0.042087851831504985,0.045431189309209224,0.0032150100586208243,0.7206070447795141,0.013772756997029269,0.7389669406373442,0.7063902248948702,0.16743192781961838,0.0032677574957720905,0.17154708034942948,0.163161887532074,47.310618448063124,2.3544714391244526,49.81868131867965,44.18433974515088,0.03686649866065566,0.00036177207400931404,0.037347066097766494,0.03644373911882989,0.03686649866065566,0.00036177207400931404,0.8471162285917021,0.09530314433072855,0.24605569561259946,0.0694580128742046,25.902238436480356,16.13167661905739,0.045037620978759,0.007196090761480095,0.045037620978759,0.007196090761480095,84.92071836821887,81.14202008928571,0.11010115593671799,0.11010115593671799,0.8019570112228394,1.2480624914169312,0.10041125863790512,0.03917946666479111,18.750041961669922,0.2173171490430832,4.451423168182373,0.11010115593671799,65.0948486328125,7.821150302886963,42.0,97.0,65.0,59.0,70.0,81.14202117919922,9.215243339538574,56.0,120.0,81.0,75.0,87.0,71.58432006835938,6.6571455001831055,51.0,98.0,71.0,67.0,76.0,195.083152,train,cluster_001_biomass_195.08.png
0.945797896757292,0.01773786867577956,0.9680350337240723,0.9242508498755158,0.26009911254502416,0.03720774027423369,0.3110181801907344,0.21944902103075212,21.57121491340255,7.041009900324537,30.121940919786113,12.71490631005781,0.03869373697377736,0.003279795842686411,0.04322999695056279,0.0350817610494801,0.03869373697377736,0.003279795842686411,0.8987431497170597,0.032618342939540385,0.9332151162488368,0.851173701296401,0.19962284157751478,0.026214427328811317,0.2300672710071166,0.1653969632549134,40.276747111700324,13.037000671850754,59.40739623552162,26.556576645418875,0.03327543449539194,0.002454089843882072,0.03611297889934499,0.02995525424541033,0.03327543449539194,0.002454089843882072,0.7578584582859612,0.02748697662371512,0.7840646103021451,0.7138029805169074,0.13241686062604235,0.00638914522545737,0.13779014558231065,0.12213745524391616,95.99856371200616,11.306024468617148,114.19966063347223,85.47660498336411,0.027004929683421504,0.000630575811362976,0.027571617126530622,0.026013692102006027,0.027004929683421504,0.000630575811362976,0.867466501586771,0.08418646270640692,0.19737960491619375,0.058513133018248016,52.615508579036344,33.39385209204183,0.032991367050863606,0.0053420468296500895,0.032991367050863606,0.0053420468296500895,199.67744739370414,91.16854671556122,0.11124840378761292,0.11124840378761292,0.8012762069702148,1.2531145811080933,0.10512268543243408,0.04449375346302986,18.74839973449707,0.22686488926410675,4.548151016235352,0.11124840378761292,73.224609375,13.653589248657227,34.0,170.0,71.0,64.0,80.0,91.16854858398438,14.130727767944336,46.0,163.0,90.0,82.0,99.0,82.30620574951172,11.333170890808105,45.0,153.0,82.0,75.0,88.0,170.5441286666667,test,cluster_002_biomass_170.54.png
0.9737051815575558,0.008689883632321087,0.9840125053680512,0.9625651865930596,0.24094984748212628,0.032252171130698226,0.28069784635309764,0.20407594693080724,55.38299965276179,18.329048964416714,78.87606829013298,33.648082158873635,0.0288303144573778,0.0023940288895066006,0.03177205437931794,0.026391600530509575,0.0288303144573778,0.0023940288895066006,0.9502051957724599,0.016152079666337586,0.9681478571340052,0.9276469514377981,0.18706715530640317,0.023250107178091926,0.21484407324494195,0.15765525921018672,104.92014062340968,34.038823256497665,152.47140444015662,67.11224838625444,0.02466493808847225,0.0018409937080481487,0.026554224919689267,0.02237285662501609,0.02466493808847225,0.0018409937080481487,0.878444723842415,0.013694921437860434,0.8932221871001605,0.857387528658223,0.12450305596934876,0.005068321722349822,0.13067748779485955,0.11693631256731672,256.53589690893136,28.877721687705304,300.8925339365622,225.472729486262,0.019458512265751376,0.000372244088892833,0.01973707398153915,0.018817623565761804,0.019458512265751376,0.000372244088892833,0.934118367057477,0.042620070066761724,0.18417335291929274,0.05291170846076652,138.94634572836762,89.9934003553264,0.024317921603867143,0.0042172331624320235,0.024317921603867143,0.0042172331624320235,1051.223109005392,81.56730309311224,0.09320411831140518,0.09320411831140518,0.8330385684967041,1.2117524147033691,0.09909963607788086,0.059544362127780914,18.751358032226562,0.19052822887897491,4.7244720458984375,0.09320411831140518,69.10794067382812,31.531919479370117,18.0,198.0,61.0,42.0,91.0,81.56730651855469,32.422569274902344,21.0,201.0,74.0,54.0,107.0,68.75625610351562,23.361665725708008,7.0,193.0,62.0,50.0,85.0,174.73295233333337,test,cluster_003_biomass_174.73.png
0.9579776570502436,0.013693173044175874,0.9743927141148006,0.941155009955329,0.2561070404423678,0.03270737392609152,0.3012909368842279,0.2183985636326231,37.41047014999898,12.194639965807877,52.39023507410192,22.780449231262157,0.03687448557237075,0.00285311602724695,0.0403991002807124,0.03363638819805406,0.03687448557237075,0.00285311602724695,0.9210251898409367,0.02495749879558021,0.9482448194984545,0.8867579229762113,0.20397789455599757,0.022891731341529907,0.2325245004903933,0.17382916364869533,70.32240152754495,22.255406535805292,100.95962033462091,46.07711797944909,0.03200041289938632,0.0021446012014733865,0.0345389843639671,0.029382537663479976,0.03200041289938632,0.0021446012014733865,0.8093131725789499,0.018908586544025205,0.8309904428442351,0.7800147586909202,0.14133915869463765,0.006630632673465102,0.14847598535888346,0.1313953653069331,169.87001479315074,17.00665907440675,196.2780179379285,150.5682980277597,0.02554630916665864,0.00047666537520130056,0.02615375763981446,0.02483720038641571,0.02554630916665864,0.00047666537520130056,0.8961053398233768,0.0662066895868444,0.20047469789766767,0.052415045178762894,92.53429549023156,59.008633974170124,0.03147373587947191,0.00508418032143614,0.03147373587947191,0.00508418032143614,444.9616692096975,82.73467394770408,0.1300804764032364,0.1300804764032364,0.7710288166999817,1.3017358779907227,0.09806946665048599,0.02783321402966976,18.7504825592041,0.29143816232681274,4.06369161605835,0.1300804764032364,64.16581726074219,17.96323013305664,33.0,118.0,66.0,48.0,79.0,82.73467254638672,21.0941162109375,46.0,136.0,85.0,64.0,100.0,76.29582214355469,14.272561073303223,45.0,130.0,78.0,64.0,87.0,206.04923733333337,train,cluster_004_biomass_206.05.png
0.9731524885971623,0.00857202491446142,0.9826903206361018,0.9632493259638195,0.28867571327448643,0.03608026508059203,0.32781759412736583,0.24900132361475372,23.1966800011422,7.410842456585184,31.75764644372549,14.945207399103236,0.03523038914097068,0.0028321766008743716,0.038125404517634624,0.0319117455062802,0.03523038914097068,0.0028321766008743716,0.9492446724055983,0.015696028605956796,0.9660960641321931,0.9299882188654331,0.22475616475319132,0.028199013098758854,0.2565316583708797,0.1940933977503021,43.86257211793463,13.572056822754034,60.5497908622908,29.29723099197698,0.030140255734593405,0.0023106470911485235,0.03293215773867683,0.02778374387865011,0.030140255734593405,0.0023106470911485235,0.8754369779823381,0.00908736075300451,0.8867090181312041,0.8613271710933507,0.14960673418476547,0.003966767967307391,0.15598557675022615,0.14535884500107757,107.72663750588296,7.900480262712397,120.03423965738867,97.9880285691111,0.023819028084966918,0.0004363319608136147,0.024532819439248774,0.023383831463973877,0.023819028084966918,0.0004363319608136147,0.9326113796616996,0.04317246498715998,0.2210128707374811,0.06272642708300047,58.26196320831992,37.35063343610716,0.029729890986843668,0.005128771109240305,0.029729890986843668,0.005128771109240305,431.7034017836139,68.4985052614796,0.13387292623519897,0.13387292623519897,0.7679435014724731,1.3210099935531616,0.07536452263593674,0.024034658446907997,18.75912857055664,1197.8551025390625,3.0323362350463867,0.13387292623519897,53.30524444580078,19.11241340637207,10.0,125.0,50.0,38.0,68.0,68.49850463867188,20.77747344970703,19.0,129.0,65.0,51.0,85.0,64.47381591796875,16.101951599121094,22.0,122.0,61.0,52.0,76.0,235.98973166666667,train,cluster_005_biomass_235.99.png
0.9410148950597111,0.0198727724500132,0.9688228580476487,0.9195861204196883,0.21735276942089962,0.0368269687891832,0.2728135380699517,0.18175261262037581,37.10872493647771,12.495090119903049,50.58295964125633,19.626381326073332,0.029280828400329716,0.002754777971563036,0.03340329429009075,0.026577909346276154,0.029280828400329716,0.002754777971563036,0.8889101627973672,0.04056324829967578,0.9250408155754345,0.8230760974482476,0.16493860572651334,0.02174910108872742,0.1863937623249822,0.13136805184512818,69.86682183111854,25.48391124049675,111.21301882239548,47.15296909248197,0.02509686156955082,0.0018817274535945878,0.026982478000387413,0.022241495538354993,0.02509686156955082,0.0018817274535945878,0.730004389582106,0.04712377854623844,0.7791418494030337,0.6534222733630414,0.1073007252662101,0.00848912256009208,0.11928288185681389,0.0954514110041036,169.66157365596382,29.54794083083075,217.70343810598405,138.91026987716674,0.020168861893606675,0.0006960146300215108,0.021018297279268967,0.019106390310173565,0.020168861893606675,0.0006960146300215108,0.8533098158130615,0.09733918099615686,0.16319736680454103,0.05151565558480055,92.21237347452002,61.13578380882362,0.024848850621162405,0.004211902468126352,0.024848850621162405,0.004211902468126352,314.8035518001984,76.4668965242347,0.08475416898727417,0.08475416898727417,0.8452261090278625,1.1876882314682007,0.062165725976228714,0.05764688178896904,18.765522003173828,0.17861609160900116,2.617422342300415,0.08475416898727417,65.11917877197266,17.396621704101562,30.0,149.0,64.0,52.0,77.0,76.4668960571289,17.742704391479492,41.0,161.0,75.0,63.0,89.0,71.96234893798828,16.445199966430664,35.0,167.0,70.0,60.0,83.0,181.91815666666665,test,cluster_006_biomass_181.92.png
0.9636472548025788,0.011558784419378385,0.9772042634417001,0.9511805967494459,0.25693821494123825,0.0347385210929033,0.3011674411175252,0.22006379194976167,29.223712813628666,9.299678858444475,39.25222707072353,18.304252081998904,0.03250521528652673,0.002665030522328369,0.03562681052138594,0.029710412833812375,0.03250521528652673,0.002665030522328369,0.9314348565339694,0.021532096681399833,0.9532375594868082,0.9027190962945376,0.19935422742332562,0.02422368144476219,0.22602053703932012,0.16914969177007178,55.137373058094056,17.33859639421782,78.32818532818574,37.59804138430315,0.02785871725948085,0.0020249472554921483,0.03001793460201988,0.025487926499055662,0.02785871725948085,0.0020249472554921483,0.8355905325240387,0.014378641356985085,0.8476319415159141,0.8110664866165443,0.13304205668328564,0.004910026229056532,0.13764415108939976,0.12484655251001714,132.352518708248,11.689581118009324,152.30136958628026,122.67867867868071,0.022230841067742087,0.000309319085342997,0.02250881308160681,0.021706573942465262,0.022230841067742087,0.000309319085342997,0.9102242146201958,0.05679812516852028,0.19644483301594987,0.0562893886604327,72.23786819332358,45.75358988442456,0.02753159120458322,0.004627467894595164,0.02753159120458322,0.004627467894595164,401.57618216999566,76.91133211096938,0.11722774803638458,0.11722774803638458,0.7916035652160645,1.2685797214508057,0.09852597862482071,0.03546490520238876,18.750635147094727,0.24304911494255066,4.390480995178223,0.11722774803638458,61.39634323120117,18.28244972229004,29.0,134.0,60.0,46.0,75.0,76.91133117675781,20.039365768432617,42.0,150.0,76.0,60.0,93.0,67.30219268798828,14.436853408813477,37.0,145.0,65.0,55.0,78.0,164.26967366666668,train,cluster_007_biomass_164.27.png
0.9754943551074131,0.00813430042616037,0.9833413467651461,0.9641664794564533,0.29264668995495585,0.033930689565380645,0.3291119931368566,0.2541588727077974,36.60684681060698,12.155340632958858,53.533632286996436,24.872737828315714,0.04186745688915651,0.003157950950678174,0.045136940766451035,0.03852972357573062,0.04186745688915651,0.003157950950678174,0.9536476727572611,0.014350397754132157,0.971373353076961,0.939438532309247,0.23394009449562014,0.02526688932075005,0.2637239271827019,0.20698219078734234,69.25329140642805,21.444479045484687,90.55381274131382,42.76613243781338,0.03623470829387466,0.002484250667361051,0.03889672725639678,0.0336037589533276,0.03623470829387466,0.002484250667361051,0.8877638340462108,0.009453727429702106,0.9040986277418119,0.8812885719721297,0.1619372499080313,0.0040033452536885,0.16730588612762584,0.15607521604439753,167.80030361742274,14.130602036860925,177.273291047153,143.37326515705462,0.029172278204159734,0.00035699277747771197,0.029633434992470488,0.028712636160234367,0.029172278204159734,0.00035699277747771197,0.9389686206369617,0.03887161664162625,0.22950801145286912,0.05881518529083721,91.22014727815258,58.12907359533101,0.035758147795730305,0.0056919839895807215,0.035758147795730305,0.0056919839895807215,746.5907904141549,79.74994021045919,0.10579416900873184,0.10579416900873184,0.812328577041626,1.2435780763626099,0.07227625697851181,0.050749097019433975,18.761341094970703,0.2547806203365326,3.0089173316955566,0.10579416900873184,66.20782470703125,27.984050750732422,20.0,185.0,58.0,42.0,84.0,79.74993896484375,27.32381248474121,41.0,178.0,72.0,56.0,101.0,74.86161041259766,20.13002586364746,25.0,184.0,69.0,60.0,87.0,147.04210766666668,train,cluster_008_biomass_147.04.png
0.963033086798254,0.011685877528084813,0.9758661972608905,0.9503526698790601,0.33373554815202905,0.03958150190194574,0.37383460942953456,0.2927595253444693,14.361912233951035,4.542980220559547,19.29095698686905,9.366211563100629,0.044392192059949306,0.003574799690579213,0.04796879203201929,0.04070273823185044,0.044392192059949306,0.003574799690579213,0.9307316586792842,0.02087828647610165,0.9524508945261533,0.9060369801805509,0.2641746206448147,0.030015149044531297,0.2955772189450549,0.23341716963395892,26.914395478225863,8.117160495015211,36.56225868725866,18.475678175712677,0.03807852585558876,0.002741022904662185,0.04093391655356291,0.03533349478018911,0.03807852585558876,0.002741022904662185,0.8324476871415624,0.009797465047934127,0.8435940504147381,0.8171321011046592,0.17959552156398892,0.0029072219793133632,0.18265121828323402,0.1766180799246386,65.1253879077788,3.852980802501983,71.21848739495321,60.81196737277889,0.030342146610180726,0.0003005834950339644,0.030703688449576865,0.030040024546682413,0.030342146610180726,0.0003005834950339644,0.9087374775397001,0.057504614913052095,0.25916856345361083,0.06926572316280596,35.46723187331856,22.35743106662126,0.03760428817523959,0.0063093050453440205,0.03760428817523959,0.0063093050453440205,194.11007701193776,65.19943797831633,0.12767542898654938,0.12767542898654938,0.7747251391410828,1.295278787612915,0.07445580512285233,0.022926090285182,18.75944709777832,0.281222939491272,3.0504274368286133,0.12767542898654938,50.74685287475586,12.213163375854492,22.0,98.0,49.0,42.0,59.0,65.1994400024414,13.932339668273926,36.0,117.0,64.0,55.0,75.0,60.66579818725586,9.65838623046875,36.0,103.0,60.0,53.0,67.0,169.4532483333333,train,cluster_009_biomass_169.45.png
0.9549361034427681,0.01589646994395149,0.9714449823861379,0.9312856505423142,0.21416804474839962,0.02898375032573084,0.24338538952529812,0.17279034516008515,45.7562929021727,16.143365243964674,69.77415592511367,28.99891896220382,0.02679144702043913,0.0022642670327745074,0.02924721146486622,0.023764271460261745,0.02679144702043913,0.0022642670327745074,0.9149312283882653,0.02693934312011127,0.949748951706632,0.8817993749177612,0.1647364903509469,0.024488722742742334,0.20126761681372804,0.14078687708094187,86.37271356240333,27.338451926328574,119.94389478764612,51.02571939914377,0.022934314983124936,0.001795700705225893,0.025472503929452345,0.021032605632710786,0.022934314983124936,0.001795700705225893,0.7900801099658252,0.026503788629195592,0.8309736365600742,0.765852534901019,0.10748759750351596,0.007109561722068801,0.11929661072475739,0.10063578544778454,213.13206652021134,26.85089846716454,237.51797834516265,171.6414049184348,0.01817761894282446,0.0004961616403031193,0.018978644586133252,0.01773854048580173,0.01817761894282446,0.0004961616403031193,0.8866491472656195,0.07409327508328029,0.16213071086762085,0.048958639804951354,115.08702432826247,75.21760034477339,0.022634460315462845,0.0039086020049669944,0.022634460315462845,0.0039086020049669944,507.5631135287557,92.61668925382654,0.09081067144870758,0.09081067144870758,0.8342859745025635,1.2011325359344482,0.07787974178791046,0.06236780434846878,18.759597778320312,0.19645819067955017,3.192190408706665,0.09081067144870758,77.5146255493164,19.860584259033203,39.0,125.0,80.0,61.0,94.0,92.61669158935547,22.52916145324707,51.0,146.0,94.0,73.0,111.0,87.85941314697266,17.059059143066406,49.0,141.0,89.0,74.0,101.0,192.19423,train,cluster_010_biomass_192.19.png
0.9609780441092215,0.012937418430798767,0.9750980945299701,0.9436911670946845,0.24677813680000385,0.03195638324852614,0.2867775708156211,0.20693393944253222,40.402569605835325,13.402018174618117,58.30851213577621,25.77262171684836,0.029615151394750877,0.0024208404875658623,0.03256181420933432,0.02668598692215002,0.029615151394750877,0.0024208404875658623,0.926352775437495,0.02286127236244062,0.9534433203574497,0.8982617246338621,0.19312735912421994,0.024546071486929884,0.22551898302769835,0.16284972979960083,76.27019225330679,23.68483391013621,105.40005630630671,48.20999819019129,0.02542453055328185,0.0019156048645454001,0.027848719755483455,0.02312442727839828,0.02542453055328185,0.0019156048645454001,0.8196925400974708,0.016226909469411764,0.8444704832571308,0.8002256151444417,0.12912363537890442,0.006105357468225956,0.13823851461624442,0.12228351624967836,186.8864255404466,16.829245004412577,207.10861748544067,161.22694992289817,0.020201196312501033,0.000469147505680231,0.020878996954560313,0.0195927309567224,0.020201196312501033,0.000469147505680231,0.9023411198813959,0.06271353757724106,0.18967637710104276,0.05354172893887894,101.18639579986291,65.02254675474289,0.025080292753511257,0.004252024407459319,0.025080292753511257,0.004252024407459319,517.3612567181887,92.18032525510205,0.12626990675926208,0.12626990675926208,0.7769070267677307,1.2914496660232544,0.10485302656888962,0.033819280564785004,18.74807357788086,0.27880820631980896,4.313015460968018,0.12626990675926208,72.0030288696289,19.56288719177246,33.0,125.0,74.0,57.0,88.0,92.18032836914062,22.745576858520508,46.0,142.0,96.0,75.0,111.0,85.6200942993164,17.01584243774414,42.0,135.0,87.0,73.0,99.0,173.71842533333336,train,cluster_011_biomass_173.72.png
0.9684719093836542,0.010159513678449346,0.9802088794624245,0.9564715676162836,0.2560842447139068,0.03489282753905928,0.29902476473055634,0.21834435283432466,26.93550961389336,8.677611264984785,37.1865511070004,16.922405509289085,0.030725976787098517,0.0025485873210188865,0.0337907151088374,0.028003092709853405,0.030725976787098517,0.0025485873210188865,0.940540573265169,0.01852951666895359,0.9605084262598733,0.9164066287002441,0.19712746896059802,0.02528373138825387,0.22530302674051866,0.16560323861861664,50.79392432264445,15.812316002374509,71.32004102316644,33.738583120513574,0.026293117624547536,0.001947115844273318,0.02842009785153782,0.02395281789013216,0.026293117624547536,0.001947115844273318,0.8546367053938888,0.012366709154655738,0.869289037510162,0.8352926189913176,0.12905960988621915,0.004423952699476106,0.13337435696714575,0.12197180795540204,124.15233271425491,10.451379607763172,140.44953943114103,111.6475529583659,0.02089386350193212,0.00034903343020141014,0.021275134406699373,0.020325003472300016,0.02089386350193212,0.00034903343020141014,0.9212163960142373,0.05046073316555942,0.19409044118690796,0.057613112156788444,67.29392221693091,43.0832212234314,0.025970985971192722,0.0044309239370808814,0.025970985971192722,0.0044309239370808814,427.26578373930846,73.63745615433673,0.09138111025094986,0.09138111025094986,0.8351063132286072,1.2053724527359009,0.07289315015077591,0.049379874020814896,18.76107406616211,0.19235923886299133,3.1926982402801514,0.09138111025094986,61.592376708984375,18.562864303588867,20.0,130.0,59.0,47.0,74.0,73.63745880126953,20.670408248901367,22.0,145.0,71.0,57.0,89.0,67.09478759765625,14.89864444732666,26.0,128.0,64.0,56.0,77.0,157.848941,train,cluster_012_biomass_157.85.png
0.9698676728124233,0.009752041661404084,0.981785564016573,0.9592234978822868,0.3832130405790602,0.03752109212635363,0.4284638571223784,0.3406037487427913,17.437607502305532,5.642000839230215,23.59669408192431,10.54190022421526,0.08251164776811754,0.005052529536478234,0.08855515593590679,0.07728732384345757,0.08251164776811754,0.005052529536478234,0.9431551847639862,0.01809195822171121,0.9613484451397883,0.9178646587297643,0.3197069151163523,0.027207047258551612,0.3521883017038397,0.2882977226342523,32.89591899034312,10.47329075362947,47.542229729729975,22.365098835689757,0.07350172444594441,0.004116939791803801,0.07774550104389186,0.06821799528509678,0.07350172444594441,0.004116939791803801,0.8592965748819097,0.013141631996688276,0.8700567353167966,0.8371816224892278,0.2362562601573662,0.004790425237050787,0.24400164707571165,0.2317903610385386,81.41030739692764,7.629175884485797,94.24616192630066,75.16664637610737,0.06038427290785509,0.0010641561079931603,0.0613698355004191,0.05860963693550317,0.06038427290785509,0.0010641561079931603,0.9241064774861062,0.0491676976703724,0.31305873861759287,0.06591774920542551,43.91461129652543,28.449351799689733,0.07213254837397234,0.009852783024199816,0.07213254837397234,0.009852783024199816,289.4590435290227,61.56170280612245,0.15072795748710632,0.15072795748710632,0.7388565540313721,1.3568756580352783,0.07257270812988281,0.00973439123481512,18.759658813476562,0.35277578234672546,2.8037731647491455,0.15072795748710632,45.745697021484375,13.850194931030273,29.0,103.0,42.0,33.0,56.0,61.561702728271484,17.01349639892578,41.0,120.0,58.0,46.0,74.0,58.871673583984375,12.53597640991211,38.0,99.0,57.0,48.0,69.0,220.08276266666667,train,cluster_013_biomass_220.08.png
0.9399147326948458,0.019832338104985376,0.9635042283265068,0.9148338330966663,0.21242529492401255,0.03348346128375637,0.2576486210351988,0.17329011091210839,29.811915402912526,9.838718921242162,42.25371513603759,18.10385970531728,0.03093243926987195,0.002643990417614549,0.034474184049650074,0.02790076629371175,0.03093243926987195,0.002643990417614549,0.8867285241455971,0.03616178040587592,0.9267561445643302,0.8365758755034192,0.1601339070692234,0.022429622339812952,0.18829421212722697,0.12965892203185303,56.208033739578596,17.96024749788694,81.14390283140246,36.33907780168532,0.026555198031296443,0.001966461923269076,0.02893131379821533,0.02395748971635909,0.026555198031296443,0.001966461923269076,0.7221089664179277,0.029794641785171227,0.755433792843066,0.6771189258928169,0.10246979786181913,0.006366998851953422,0.10910721918393192,0.09381641637236553,137.89638331393127,14.860781681069971,160.3648796056757,121.36082704326165,0.021447644100542007,0.0005150278367468926,0.021971642017302086,0.020704343155077114,0.021447644100542007,0.0005150278367468926,0.8495840744194568,0.09725903181001459,0.15834299995168502,0.05071056925264105,74.63877748547414,48.273105993273,0.026311760467236798,0.004327912274611325,0.026311760467236798,0.004327912274611325,248.12181298130005,83.13562260841837,0.08385644853115082,0.08385644853115082,0.8458177447319031,1.1839780807495117,0.07690170407295227,0.06056726351380348,18.759939193725586,0.1692219376564026,3.3669309616088867,0.08385644853115082,70.41448211669922,14.013276100158691,35.0,128.0,70.0,60.0,80.0,83.1356201171875,15.751882553100586,46.0,138.0,83.0,72.0,94.0,76.24683380126953,12.994041442871094,42.0,135.0,75.0,67.0,85.0,166.9298646666667,train,cluster_014_biomass_166.93.png
0.9660347910773841,0.012449226419336006,0.9784475131338295,0.946706721088363,0.2515372559384997,0.03475879110591334,0.292536554020524,0.2006291022791151,40.141510132238494,14.720402115066232,62.99211727563464,25.4493113388855,0.031509291622399606,0.00261612295808908,0.03455226344025268,0.027841985156335822,0.031509291622399606,0.00261612295808908,0.935775818024241,0.020752911471161064,0.9636455865220064,0.9103018242278839,0.19756553748627292,0.027478673141541277,0.24050701959362059,0.16719004226359147,75.91474137567364,24.55108874482826,106.15932673745236,42.97136479720116,0.027180639750097726,0.002130482812530431,0.03032601816690124,0.02473900662708199,0.027180639750097726,0.002130482812530431,0.8412884161990588,0.02336795655861257,0.8771181088121177,0.8196017938336853,0.13324096773937313,0.010977762076972063,0.14922727036410297,0.12150654561904269,187.6947217976807,27.7462502596322,213.378763899038,145.3577428780158,0.02157787979317235,0.000838451756109832,0.022852410220758904,0.020773189397829146,0.02157787979317235,0.000838451756109832,0.9143663417668946,0.05656885332571149,0.19411458705471527,0.055071564913755026,101.25032443519761,66.92810418725024,0.026755937055223222,0.0045340595027363,0.026755937055223222,0.0045340595027363,590.4895501953024,96.06656568877551,0.10264453291893005,0.10264453291893005,0.8152791857719421,1.2314248085021973,0.0864386335015297,0.05641951784491539,18.756052017211914,0.23382490873336792,3.5028693675994873,0.10264453291893005,78.8953857421875,22.375164031982422,38.0,177.0,81.0,60.0,97.0,96.06656646728516,24.299991607666016,52.0,165.0,99.0,75.0,116.0,91.19589233398438,17.316747665405273,51.0,153.0,92.0,77.0,104.0,278.34373966666664,test,cluster_015_biomass_278.34.png
0.9597488276689838,0.013018830261732282,0.9736628347726455,0.9431528157853407,0.2326436018770081,0.031392124548266155,0.2655844609784508,0.19505959956469873,30.005138408208545,9.701385312970583,42.372217418408226,19.622837924407655,0.029241025754859935,0.0023345320582726595,0.03172031423409103,0.026563436347926288,0.029241025754859935,0.0023345320582726595,0.9242053732318071,0.02325521648894599,0.9509573084924422,0.8966475960725101,0.17797913180323038,0.024134070957842778,0.20819368569202973,0.152495546103071,56.51190010213736,17.359747374322584,77.1604729729735,36.55466629129909,0.025053318011809753,0.0018900014042585256,0.02728297645932031,0.02303574438869644,0.025053318011809753,0.0018900014042585256,0.8180084967134087,0.01414205626033175,0.8392512389615532,0.799791759101165,0.11590373948193643,0.004906021834353826,0.12413041740534266,0.11130807288785394,135.7397834943975,10.654073205564698,149.60075953456564,119.84889619349335,0.02008565894752149,0.0003161953728111318,0.020586911411262523,0.01971092113729046,0.02008565894752149,0.0003161953728111318,0.9006542325380668,0.06268289996020834,0.17550882438739165,0.05296300368809175,74.08560733491446,46.76946064248466,0.02479333423806372,0.004128513969350362,0.02479333423806372,0.004128513969350362,372.89764500736743,88.05201690051021,0.08912838995456696,0.08912838995456696,0.8373852372169495,1.1975138187408447,0.11230061948299408,0.06166509538888931,18.746335983276367,0.16761447489261627,5.372757434844971,0.08912838995456696,74.12615966796875,18.405672073364258,34.0,146.0,73.0,61.0,86.0,88.05201721191406,19.310558319091797,45.0,163.0,87.0,74.0,101.0,73.34121704101562,14.307411193847656,33.0,136.0,72.0,63.0,83.0,138.75994866666667,train,cluster_016_biomass_138.76.png
0.9607810817795726,0.01258810573885706,0.9758471668775786,0.9476923859981814,0.2600273447790271,0.034016777807693764,0.3002491315033103,0.22565254838913396,27.995778256543566,8.979886083810706,37.3325222707076,17.243093369634995,0.0321127275994055,0.002651528714297061,0.03517820449043798,0.029474618970418944,0.0321127275994055,0.002651528714297061,0.92628936029356,0.02297151209355442,0.9489853127558854,0.8951512583817165,0.20030050461512955,0.02610840919543887,0.22700358144403604,0.17144912626672157,52.61782224309518,16.41466570397669,74.90254987130072,36.40945926923956,0.027478311263479115,0.0020128882152713953,0.029483020851820575,0.025162603333028125,0.027478311263479115,0.0020128882152713953,0.8210864033907205,0.014927859059308813,0.8322630167749376,0.7954575326440964,0.13092418661541447,0.0037990472637827615,0.13425581507715545,0.12471288890816881,127.66990280084538,10.799187160972348,146.21365950224444,119.64639639639883,0.02188475196424547,0.000271435507913673,0.02209945759920662,0.021429669777465916,0.02188475196424547,0.000271435507913673,0.902718948487951,0.061912949114497136,0.1970840120031904,0.05831681982710282,69.42783443349471,44.18911013733211,0.027158596942376694,0.004604891218124021,0.027158596942376694,0.004604891218124021,357.2050261634531,85.5395806760204,0.08222182095050812,0.08222182095050812,0.8500564694404602,1.1821955442428589,0.0956953912973404,0.06667699664831161,18.752939224243164,0.16069671511650085,4.536317348480225,0.08222182095050812,73.24443817138672,19.319438934326172,37.0,148.0,71.0,59.0,85.0,85.53958129882812,18.899869918823242,48.0,160.0,83.0,71.0,98.0,73.4323959350586,12.548869132995605,44.0,143.0,72.0,64.0,81.0,144.81963066666663,train,cluster_017_biomass_144.82.png
0.9720240347009402,0.008895744567157441,0.9823369318435402,0.9631154542286914,0.30972843950022744,0.03758940190641305,0.35220201217846664,0.26915878105321345,16.962421503118524,5.386551993198358,22.358040579943637,10.732022741832214,0.03835973089857069,0.0030535256192253443,0.04149480335036724,0.035198868359995826,0.03835973089857069,0.0030535256192253443,0.9470179193138009,0.01668791072333567,0.9632648179864072,0.9250245377578232,0.24262995370342821,0.030038309070792107,0.27560919024713076,0.20801863395412343,32.111538642058335,10.090646111674705,45.317648005147845,22.26759033964117,0.032871990284440135,0.0024379492972697848,0.03541661418631726,0.03033839000941838,0.032871990284440135,0.0024379492972697848,0.8698697385738549,0.010975790295491436,0.8771406770713429,0.8508856766443119,0.161925231652523,0.004959096336191994,0.16799767936870283,0.15424763693434476,78.77251049098462,6.474719649414024,89.95919521654078,74.34936287639103,0.026152585175094868,0.0003122919898134245,0.026516281401838204,0.025715538039281692,0.026152585175094868,0.0003122919898134245,0.9296372308628653,0.045273138516776126,0.23809454161872623,0.06656727137061892,42.61549021205382,27.37700448725884,0.032461435452701894,0.005481033297718837,0.032461435452701894,0.005481033297718837,303.6094337119405,74.96055883290816,0.10674982517957687,0.10674982517957687,0.8081164956092834,1.2409899234771729,0.07661087810993195,0.04043565317988396,18.759279251098633,0.22875531017780304,3.218982219696045,0.10674982517957687,60.908321380615234,15.907744407653809,31.0,115.0,58.0,48.0,72.0,74.96055603027344,17.424392700195312,38.0,129.0,72.0,61.0,88.0,69.47702026367188,12.607686042785645,43.0,112.0,67.0,60.0,78.0,302.00987,train,cluster_018_biomass_302.01.png
0.96839532161647,0.010616727583160863,0.9812010381263799,0.9543555734825221,0.2512603433712925,0.031577241065524446,0.29331103760698496,0.21375901955928545,47.45198861759367,15.92358863209562,68.51444830983927,28.24923926969945,0.03469492938529697,0.0025624625569031704,0.03742831543415911,0.03177356713522787,0.03469492938529697,0.0025624625569031704,0.9404726231351233,0.019373176977045672,0.9623416066484787,0.9128193660104206,0.20065812443970446,0.022027960872278686,0.228941581051008,0.1724491478634535,89.35860561405441,29.073932481628713,130.82719996782563,56.525649017676905,0.030241059552595352,0.001933860082647143,0.032526017443060516,0.028105252042180687,0.030241059552595352,0.001933860082647143,0.8548043993121625,0.01789718580305195,0.8753787173581844,0.8286967807970436,0.1401112325533912,0.006364767023267762,0.1471002748349759,0.1316945122980974,217.74709928060554,26.83343288015085,256.90461376853324,186.80220761302837,0.02428312398064663,0.0003781320014550177,0.024832989809972287,0.023854087961657458,0.02428312398064663,0.0003781320014550177,0.9212241146879186,0.05104099849324639,0.19734323345479599,0.05071623225992888,118.18589783741784,76.5193197135307,0.029739704306179646,0.00465578115544273,0.029739704306179646,0.00465578115544273,751.7151163137739,80.0435865752551,0.08882495015859604,0.08882495015859604,0.8425214886665344,1.2042934894561768,0.0825088620185852,0.06720170378684998,18.758058547973633,0.19774441421031952,3.908445358276367,0.08882495015859604,69.41429901123047,29.898622512817383,27.0,182.0,67.0,43.0,91.0,80.04358673095703,27.417423248291016,38.0,175.0,79.0,56.0,101.0,69.63311004638672,19.385705947875977,30.0,171.0,68.0,53.0,83.0,167.65413166666667,train,cluster_019_biomass_167.65.png
0.9449329620061183,0.017929020989547313,0.9689823018536003,0.926336775782589,0.3095327289146621,0.04041078592888964,0.36347444195439904,0.26870329783643954,18.6655452014204,6.077495578539222,24.96772506987895,10.506946668802076,0.044043431834768776,0.0037620229622687493,0.04890695272127634,0.04010980797166977,0.044043431834768776,0.0037620229622687493,0.8972954623577886,0.03444065811573173,0.9290393459826976,0.8440321008093309,0.24442553083767132,0.026931373135186225,0.2724036451526612,0.2092512644410619,34.81340985418969,11.68887074623422,52.9089446589445,24.05135836232406,0.03779239692791395,0.002671618657926316,0.04065857915275,0.03432596581718314,0.03779239692791395,0.002671618657926316,0.7556348607720871,0.032182917649716015,0.7849321472136688,0.7014706816189503,0.16709865861222112,0.005134237503901145,0.17260848775078846,0.158946024146647,82.83247155996307,10.984301622793005,101.3159744667024,72.8153280542935,0.030261916492374898,0.0005900146687577767,0.03075500259772843,0.029291046487538077,0.030261916492374898,0.0005900146687577767,0.8659544283786645,0.08550560429052283,0.24035230612151817,0.06468722131386385,45.43714220519106,28.99547830679648,0.037365915085019206,0.006241698300974503,0.037365915085019206,0.006241698300974503,169.48621427471664,64.63494499362245,0.17152050137519836,0.17152050137519836,0.7078675031661987,1.4160048961639404,0.11054696142673492,-0.003245630534365773,18.7445068359375,0.3511084318161011,4.764357089996338,0.17152050137519836,45.5766487121582,8.468262672424316,27.0,82.0,45.0,39.0,51.0,64.63494873046875,13.01868724822998,39.0,118.0,63.0,55.0,73.0,55.50376510620117,8.111617088317871,36.0,94.0,55.0,49.0,61.0,138.376661,train,cluster_020_biomass_138.38.png
0.9696096967600699,0.010048902057206491,0.979740965387544,0.9561987643482414,0.26904109417681404,0.03245555764799579,0.30867685335260187,0.2258503636881086,40.17157318559484,13.287535389129438,57.903436626516346,26.77246156310093,0.03742431239143367,0.0027758524870758272,0.04019999884676133,0.0337641362029841,0.03742431239143367,0.0027758524870758272,0.9426756750279717,0.01747401467882193,0.963632182631636,0.9238715399241951,0.21519577237465665,0.02552227863738566,0.2511882286792226,0.18450352836652825,75.7851111009127,23.10524135087583,100.66875804375864,48.07725874238403,0.03277431334197514,0.002078209209685485,0.035706818610931224,0.030767604525935893,0.03277431334197514,0.002078209209685485,0.8593222506925186,0.011134912177021167,0.8781929547281937,0.8495944672128994,0.1502621711176764,0.008256308050072362,0.16231643779479607,0.141927343891432,186.09015793828522,14.73593979978735,199.03048238524238,161.13556123691737,0.026425441335467006,0.0006786036325450819,0.027532732204145264,0.025710398539416174,0.026425441335467006,0.0006786036325450819,0.92386920749352,0.04879376019697286,0.21149967922304902,0.05430661251979888,100.68228074159758,64.55870447035564,0.032208022356291936,0.004948178921344691,0.032208022356291936,0.004948178921344691,660.6546906130059,89.60528938137755,0.11604538559913635,0.11604538559913635,0.7944570183753967,1.266847848892212,0.10188028961420059,0.043169908225536346,18.749603271484375,0.25864437222480774,4.373755931854248,0.11604538559913635,71.86686706542969,23.518627166748047,33.0,166.0,74.0,51.0,90.0,89.60528564453125,25.703205108642578,46.0,154.0,93.0,66.0,111.0,81.3642349243164,17.617168426513672,47.0,147.0,82.0,66.0,95.0,141.38759866666666,train,cluster_021_biomass_141.39.png
0.9414426312127444,0.01866192335140086,0.962757957378311,0.9205465650806157,0.2375194659833926,0.03246188228986624,0.2793157978723072,0.20317159521832306,24.88105702550702,7.9244413935354165,33.75392628044008,15.81790518898154,0.0338613070757892,0.002749983556331161,0.03729155380967657,0.030894969345023213,0.0338613070757892,0.002749983556331161,0.889565325051414,0.03427936913036978,0.925390133181306,0.8455433922403536,0.18101051629106646,0.02539420365559037,0.2086890027771087,0.14975594299849268,46.92361723015049,14.582749012739738,65.70927847490395,31.695590098333422,0.029054367179350987,0.002159013356093739,0.031441170649608476,0.026381545257836196,0.029054367179350987,0.002159013356093739,0.7332819235221361,0.020981943034765502,0.7553585323234435,0.6987424807593559,0.11731399801814733,0.005095247313763777,0.12179691356260423,0.10865417770455395,113.28663106009003,9.02454147191308,128.16855203619093,103.86569677786078,0.023447540089762967,0.00044058775219716246,0.02390941918343871,0.022728264206728587,0.023447540089762967,0.00044058775219716246,0.8547632932620982,0.09209740622983208,0.17861466009753546,0.05464396392714408,61.69710177191585,39.123957781207665,0.02878773811496772,0.004716911906669974,0.02878773811496772,0.004716911906669974,212.62091660211604,75.87856744260205,0.1379610300064087,0.1379610300064087,0.7581474184989929,1.321518063545227,0.10317736864089966,0.01870744861662388,18.748178482055664,0.28820890188217163,4.3992533683776855,0.1379610300064087,57.606407165527344,11.70937442779541,30.0,103.0,57.0,49.0,66.0,75.87857055664062,14.581526756286621,42.0,132.0,76.0,65.0,86.0,67.84049987792969,10.647153854370117,38.0,111.0,67.0,60.0,75.0,206.692633,test,cluster_022_biomass_206.69.png
0.9709589391133243,0.009137435957080723,0.9802459648842597,0.9616765854028833,0.33356748918574697,0.03974779650596787,0.3758503753524479,0.2938101015822757,11.585365493474715,3.6499114817555802,15.293048321904783,7.872958039718197,0.04329737303621066,0.0034701200302071976,0.04711540393383573,0.0397739570182044,0.04329737303621066,0.0034701200302071976,0.9451951325568965,0.016637225512898215,0.9619688337689155,0.9277798007777677,0.2605375632356805,0.0333933656950678,0.2939128924285024,0.22417027940005735,21.86736612398991,6.636990030146736,28.836530727155726,15.176496611635201,0.03704302728350094,0.0028014807035236576,0.03989954927115601,0.03396148805208541,0.03704302728350094,0.0028014807035236576,0.8655492620245295,0.007154818703472475,0.8731777177107272,0.8565918986321248,0.17354460153828144,0.005245254653639778,0.1794583699681957,0.1658966756705046,53.69881924166892,2.8413524956965097,57.324983839686446,50.679997565133526,0.029462750973831053,0.00040007954819386754,0.029865761887016326,0.0288486363500212,0.029462750973831053,0.00040007954819386754,0.9272344445649168,0.046371546308112285,0.2558832179865696,0.07201544643563043,29.05051695304451,18.525772602330584,0.036601050431180886,0.006219364649023349,0.036601050431180886,0.006219364649023349,199.16738539524547,78.95248724489795,0.10339009761810303,0.10339009761810303,0.8132736086845398,1.2318830490112305,0.0872519388794899,0.04413141682744026,18.75531578063965,0.21209552884101868,3.811622381210327,0.10339009761810303,64.43285369873047,13.074591636657715,37.0,120.0,63.0,55.0,72.0,78.95248413085938,14.11266803741455,49.0,131.0,78.0,69.0,88.0,71.2228775024414,9.187979698181152,50.0,115.0,70.0,64.0,77.0,268.7217806666667,train,cluster_023_biomass_268.72.png
0.9504503720847206,0.017486418777036994,0.9681503233778429,0.9241492888708932,0.20387880307244552,0.028023827612709707,0.2337126339327782,0.16517932153518944,47.63883898048854,16.820291572651335,72.93376098453564,30.589305733504247,0.026198044999240427,0.0021938158012510156,0.028527502191342178,0.023170640741704305,0.026198044999240427,0.0021938158012510156,0.9066965501084581,0.029310877606615014,0.9452358348552653,0.8724123638633827,0.15627360274717939,0.02271344288183426,0.18941278664415465,0.13420289265757548,89.72183381318575,28.2091633129211,122.87425595238182,52.65879064529778,0.02248116560683664,0.0017683931302125283,0.02506105105623381,0.02071742555461772,0.02248116560683664,0.0017683931302125283,0.7724211282813539,0.028427120220565535,0.818804666320535,0.7475660910502436,0.10198760540072331,0.00607494276032966,0.1122917820462303,0.09670176743328764,218.96756532044947,27.443764219124738,242.91691015340012,174.37133755377232,0.01795738250828172,0.0005324185016837485,0.018853621829212765,0.0174785545664584,0.01795738250828172,0.0005324185016837485,0.876522683491511,0.0799706252659388,0.15404667040678274,0.046677929310387306,118.77607937137459,76.97365200722665,0.02221219770478626,0.00375438793223714,0.02221219770478626,0.00375438793223714,480.39842559674645,94.03643176020408,0.10775067657232285,0.10775067657232285,0.8061198592185974,1.242788314819336,0.0877000093460083,0.048378556966781616,18.755252838134766,0.23743732273578644,3.4918291568756104,0.10775067657232285,75.9806900024414,18.48088264465332,37.0,123.0,79.0,62.0,91.0,94.03643035888672,21.917993545532227,51.0,148.0,97.0,76.0,112.0,89.72867584228516,16.996408462524414,49.0,147.0,91.0,77.0,102.0,193.089283,test,cluster_024_biomass_193.09.png
0.9506947345951051,0.01578092188220171,0.9688412139603786,0.9335722645219131,0.25106301196237013,0.03448424452631538,0.29715925160075973,0.21763813566792148,21.952364494129835,7.029288448634171,29.578374791369686,13.865390775144192,0.035398331006299515,0.002932954221761391,0.03921243941034924,0.03239144279679448,0.035398331006299515,0.002932954221761391,0.9064081925830623,0.029434729984813546,0.9365234475826327,0.8682728121354442,0.1906436049508414,0.027863239855700384,0.21794781299072893,0.15463309680790938,41.68055801937354,13.117896280971276,58.69934443371963,28.264875625892625,0.030287841584847465,0.0023168467339765527,0.03270405724708896,0.027323125840226687,0.030287841584847465,0.0023168467339765527,0.7682473247192054,0.01883790328425285,0.7860257750404891,0.7365275690854322,0.12243222027414477,0.00600178344961706,0.12642066871014734,0.11206551873890727,103.28628538482596,8.427981271259906,117.48874838395912,95.37458404350414,0.024179194233916828,0.000499769139677201,0.024570336016804067,0.023327468760197093,0.024179194233916828,0.000499769139677201,0.8751167506324574,0.08079308472699932,0.1880462790624521,0.058550844281441,55.63973596610978,36.02042145038982,0.02995512227502127,0.005076755414503475,0.02995512227502127,0.005076755414503475,222.5020216831015,73.71018016581633,0.11180566996335983,0.11180566996335983,0.7994334697723389,1.2528644800186157,0.07282686978578568,0.03503754362463951,18.76052474975586,0.2409377545118332,2.9305713176727295,0.11180566996335983,59.03196716308594,12.633386611938477,26.0,109.0,58.0,50.0,68.0,73.7101821899414,14.916501998901367,39.0,129.0,73.0,62.0,84.0,69.81754302978516,12.50074291229248,38.0,121.0,69.0,60.0,78.0,195.479869,train,cluster_025_biomass_195.48.png
0.9760562421945582,0.007659048826197632,0.9842266936554677,0.9674463132311759,0.2699503464945973,0.03579913109281914,0.3099595970567817,0.2332884445865017,36.37798131497788,11.630951646100185,49.451788694726275,23.934417040359328,0.034033077471948614,0.0028297903146936284,0.03690101326317005,0.03116468001869404,0.034033077471948614,0.0028297903146936284,0.9546860803299635,0.013845423626793743,0.9694327217945873,0.9389100242070054,0.21082795266490417,0.023603898243683728,0.23529278523445402,0.18385948952105408,68.83394724046474,21.051495244798158,93.0732183075942,46.43471616159661,0.02922148821729445,0.001982285770330747,0.031242421961534986,0.027223390255231492,0.02922148821729445,0.001982285770330747,0.8880574799143575,0.006497288084026446,0.8967847814909087,0.8787665981369435,0.14167292291577982,0.0032952807525029595,0.14537158848330842,0.13635374710154977,169.91166829127548,10.157953748620615,184.8792824821855,156.62294050808322,0.02328668864674325,0.00024404519971855398,0.023557555214694745,0.0230084501458417,0.02328668864674325,0.00024404519971855398,0.9395999341462931,0.03875500108893703,0.20748374069176043,0.058005473894361906,91.7078656155727,58.82764515680067,0.028847084778662106,0.004828713819553272,0.028847084778662106,0.004828713819553272,760.0967738327511,73.9008490114796,0.09506213665008545,0.09506213665008545,0.8298678398132324,1.2160747051239014,0.08098520338535309,0.05058424919843674,18.758005142211914,0.19932061433792114,3.6923511028289795,0.09506213665008545,61.999881744384766,26.15206527709961,18.0,172.0,55.0,40.0,79.0,73.90084838867188,27.569852828979492,14.0,183.0,67.0,51.0,94.0,65.15058898925781,19.92537498474121,11.0,150.0,60.0,50.0,78.0,176.72158133333335,train,cluster_026_biomass_176.72.png
0.9722709726556464,0.009376617970765055,0.9827845809082915,0.9592443989805503,0.21538883011111393,0.030262706536102142,0.2535190874863223,0.1754007350055509,51.1440902548964,17.317051343541102,75.19489633815333,31.70924087123684,0.025968373925188446,0.0021151873443481274,0.02849361108461796,0.023385290792772143,0.025968373925188446,0.0021151873443481274,0.9474443872418574,0.016892231979342646,0.967683707405645,0.9251294749542348,0.16642899817397988,0.022836229046302357,0.19887304248157478,0.13882067675810406,96.97260689212935,31.20510767129099,138.32080518017983,59.62297653280848,0.022376556346865684,0.0016022676827272795,0.024440817591528618,0.020473537026941113,0.022376556346865684,0.0016022676827272795,0.8712092954709871,0.014767211260141857,0.8917579732912724,0.8525188337963061,0.10998846693118397,0.0061397818863211185,0.11882268434676095,0.10305867002448231,237.96684413658954,27.444700629631186,272.8553450225753,200.09940345751852,0.01794171535419907,0.0003974613119347635,0.01851906381622518,0.017467980981017792,0.01794171535419907,0.0003974613119347635,0.9303082184561636,0.04523473117300125,0.16393543173875927,0.04843885071282443,128.69451376120512,83.64137802098334,0.0220955485420844,0.0036300287744694365,0.0220955485420844,0.0036300287744694365,920.6988400574875,92.07796556122449,0.10121005028486252,0.10121005028486252,0.8195996284484863,1.2314081192016602,0.08806421607732773,0.06098123639822006,18.755624771118164,0.22569788992404938,3.793588638305664,0.10121005028486252,76.87727355957031,30.26300621032715,23.0,179.0,75.0,50.0,100.0,92.07796478271484,30.343019485473633,36.0,174.0,92.0,64.0,117.0,84.8222885131836,26.265134811401367,25.0,171.0,81.0,62.0,105.0,177.85184433333333,train,cluster_027_biomass_177.85.png
0.9690475765256853,0.009879043654453034,0.9803341747279541,0.9584201661736185,0.24429689026955298,0.03430339256097658,0.2832460595621324,0.20799010550552197,33.10298117134201,10.54084473650689,44.44362444448982,21.059797405509627,0.028729898226437126,0.0024025821163947123,0.03127618329981287,0.026259377728296406,0.028729898226437126,0.0024025821163947123,0.9415288311870408,0.01819725995721806,0.9600624756823054,0.9179732550077644,0.18726063840146462,0.023080905834012753,0.2124128164470241,0.16149074276265996,62.51549362473884,19.461926862829127,87.67788770913867,42.6884916246057,0.02456248548324848,0.001771949560401485,0.026400761483066287,0.022633948299545268,0.02456248548324848,0.001771949560401485,0.8577145910338771,0.011255829264523187,0.8669057594068276,0.8384433894412769,0.12276826062320924,0.0024694117437898157,0.12486737375851037,0.11865102269036532,151.87142714635948,12.061978415587541,172.50644392370066,141.91406947488488,0.01948385747801559,0.0002231386066269078,0.019685404991226396,0.01911848523701302,0.01948385747801559,0.0002231386066269078,0.9227636662488679,0.049265076940648696,0.18477526309807565,0.055104199770763175,82.49663398081344,52.55856467733686,0.024258747062567063,0.004157123092212807,0.024258747062567063,0.004157123092212807,536.2086263968021,71.62876674107143,0.12686727941036224,0.12686727941036224,0.7820935249328613,1.3102809190750122,0.08448661118745804,0.03029225580394268,18.7558536529541,1194.7958984375,3.603721857070923,0.12686727941036224,56.68092346191406,21.750024795532227,7.0,148.0,54.0,39.0,73.0,71.62876892089844,23.156179428100586,9.0,148.0,69.0,52.0,91.0,65.03252410888672,16.900903701782227,16.0,132.0,61.0,52.0,78.0,190.8556313333333,train,cluster_028_biomass_190.86.png
0.9453655406343916,0.018058756350632595,0.9672824609426421,0.9219829732077955,0.18776387137465275,0.027336549198170825,0.2250327720215427,0.15599136960108198,52.29767882099593,17.31621920362622,74.7117175088978,31.276065022422063,0.024293442422104995,0.0020409666155645303,0.027111377205989183,0.021859217516704228,0.024293442422104995,0.0020409666155645303,0.8978639822875564,0.03257302413013407,0.9343445391197686,0.8518273367363515,0.14280342455441533,0.02064222794325731,0.16805130245973918,0.11479993337156091,97.82392421928118,31.238416901386895,142.05491875804432,62.87397695509766,0.020962087820448894,0.0015579616650415514,0.0229348923788033,0.01885857100587393,0.020962087820448894,0.0015579616650415514,0.7574339806326841,0.02743184903596598,0.7894644081028411,0.7165111088011712,0.09444340324748798,0.00586187166588638,0.09970044057303142,0.08524337298335782,232.8104423320169,26.462987926235254,272.3189035229109,202.183609284968,0.017024419312146384,0.0004987311840597223,0.017557849173977257,0.016318100362146586,0.017024419312146384,0.0004987311840597223,0.8668878345182107,0.08413886367532748,0.14167023305885204,0.04306596144728743,127.644015124098,80.83370892465419,0.020759983184900088,0.003332773618757767,0.020759983184900088,0.003332773618757767,477.57511301132007,85.55974968112245,0.14007529616355896,0.14007529616355896,0.7554399967193604,1.3284430503845215,0.11797641217708588,0.020599786192178726,18.74251937866211,0.30273255705833435,5.049806118011475,0.14007529616355896,64.8662109375,17.638729095458984,26.0,176.0,66.0,53.0,77.0,85.55975341796875,21.853492736816406,37.0,170.0,87.0,71.0,101.0,76.16930389404297,15.756312370300293,31.0,177.0,77.0,66.0,87.0,221.9749723333333,train,cluster_029_biomass_221.97.png
0.9549348482028316,0.014375558713099756,0.9710591498403214,0.9390081275900887,0.229609702644935,0.03211322191810577,0.2683355512613915,0.1938430611820646,35.30938746039287,11.26154977226445,47.78732731404254,22.687479980781845,0.029599585872749953,0.002415779033388061,0.03212430907745788,0.027180345419482783,0.029599585872749953,0.002415779033388061,0.9150841101594056,0.026071859930319838,0.9423269869545617,0.8825938170786768,0.17560665940514944,0.022941035945725146,0.20222919520593194,0.1478070594019212,66.51845553060525,20.400466683371995,91.85374436936993,45.18616903617661,0.02533657849881417,0.0018497018915954386,0.027189787177394696,0.023393446110735825,0.02533657849881417,0.0018497018915954386,0.7946480442668962,0.014043988785279245,0.8090619927574079,0.7713700517719353,0.11429490951120341,0.004462220206588392,0.11857125874059396,0.10762389483485206,160.77836662088015,10.814408470985223,178.6343527795543,149.49922895869253,0.02018651686510111,0.00021050634134126578,0.020388878956942455,0.01987970653000438,0.02018651686510111,0.00021050634134126578,0.8882223342097112,0.07073870807013871,0.17317042385376258,0.05239311400246876,87.53540320395943,55.35868939559544,0.025040893745555074,0.004232248284581076,0.025040893745555074,0.004232248284581076,391.83811170227676,82.16727120535714,0.11202237755060196,0.11202237755060196,0.7996852397918701,1.2544974088668823,0.10863189399242401,0.03861016035079956,18.746849060058594,0.21932563185691833,4.905776500701904,0.11202237755060196,65.72347259521484,16.428831100463867,30.0,155.0,64.0,52.0,78.0,82.16727447509766,19.79490089416504,31.0,148.0,80.0,66.0,97.0,70.9099349975586,15.722457885742188,22.0,147.0,68.0,59.0,82.0,146.28804966666664,train,cluster_030_biomass_146.29.png
0.9656544617200826,0.01114212132117618,0.979531292175047,0.9535863782475553,0.3147313157742874,0.03720471522296938,0.3616070064556793,0.2759289592548194,23.063122368774884,7.466155527439772,31.148947294336097,13.749139173606777,0.050995356799555115,0.0037485994681900393,0.0548148099020757,0.04715402039377389,0.050995356799555115,0.0037485994681900393,0.9348907748916138,0.021225633756458064,0.9558972179275358,0.9044759541839393,0.2533608781059342,0.025304194068507795,0.28068447767813026,0.22290497118884048,43.695816511909115,14.265566011006522,64.1890886422138,29.597035934767057,0.04436571914386277,0.002886967890997487,0.04734135199404287,0.04126256038943196,0.04436571914386277,0.002886967890997487,0.8388924271489906,0.017114019660473732,0.8510410629434972,0.8096894015379641,0.1772017877005258,0.003047024601555632,0.1801301130521732,0.17216262926724532,107.84172138944881,11.654080723394124,127.73587992888235,99.57962992888558,0.0352079921438352,0.00035039738484692837,0.035592379463547395,0.03466622570931839,0.0352079921438352,0.00035039738484692837,0.9131458879202291,0.05660132782081174,0.24843132719358244,0.06198766997178668,58.20022009004426,37.87848756295991,0.04352302269575103,0.007028394962476614,0.04352302269575103,0.007028394962476614,336.65327150471154,68.19579081632654,0.13502687215805054,0.13502687215805054,0.7629479169845581,1.3140453100204468,0.07944615185260773,0.019826333969831467,18.75739097595215,0.3007001280784607,3.2105648517608643,0.13502687215805054,52.322505950927734,15.484199523925781,30.0,147.0,50.0,39.0,64.0,68.19579315185547,18.348114013671875,42.0,137.0,66.0,52.0,82.0,63.810306549072266,13.520751953125,38.0,124.0,62.0,52.0,74.0,221.55568133333333,train,cluster_031_biomass_221.56.png
0.9591002064275419,0.013576696927539504,0.9736826393362044,0.9406660420700599,0.24632071747879794,0.033819510043316854,0.28244797934807,0.1995521760529897,31.63740008794118,10.506543504673274,45.901908343220654,20.35111707238964,0.02906947524535867,0.0023939200627102132,0.03168364045921331,0.025804199783001983,0.02906947524535867,0.0023939200627102132,0.9234296592908992,0.02332129826788543,0.9516073908435669,0.895563460987036,0.19088771548807185,0.025610910889048502,0.22899248194601182,0.16628888938937544,59.23614292160208,18.04320302732887,80.80696991634538,37.437270003418796,0.025005049647434767,0.0019251366981711303,0.027780168583211647,0.02299771124881637,0.025005049647434767,0.0019251366981711303,0.8152323839724155,0.01626924802181268,0.8412235636226559,0.7982140393955561,0.12633975341573742,0.006666901303427352,0.13772533144121726,0.12088219382307534,143.0115080290526,12.593216687058334,156.19422672913836,122.90895625355299,0.02020470873276158,0.0005391881668209571,0.021090063978171345,0.01971393758858581,0.02020470873276158,0.0005391881668209571,0.8992540832302854,0.0638189129995721,0.18784939546086907,0.054941449261186805,77.96168367953196,49.40512292358191,0.024759744541851675,0.004045987024456065,0.024759744541851675,0.004045987024456065,386.56138427016236,88.22142059948979,0.12570886313915253,0.12570886313915253,0.7782025933265686,1.2908076047897339,0.10217173397541046,0.03249335661530495,18.749069213867188,0.27401959896087646,4.239353656768799,0.12570886313915253,68.93373107910156,17.236547470092773,34.0,130.0,66.5,57.0,81.0,88.22142028808594,19.661163330078125,47.0,144.0,87.0,74.0,102.0,81.45531463623047,14.094881057739258,44.0,138.0,81.0,72.0,90.0,251.541019,train,cluster_032_biomass_251.54.png
0.9592881852223494,0.013082788562531691,0.9748399477037031,0.9450240176928661,0.29062404365974775,0.0371662971916693,0.3335331249975946,0.2513020816727305,16.631529407244624,5.344748659071274,22.459329566249384,10.27800688661124,0.04052330891162144,0.003220123288619334,0.0440621792921377,0.03712448378817051,0.04052330891162144,0.003220123288619334,0.9230342330421697,0.024325410551577317,0.9477245735464841,0.8900967278739416,0.2247433930506329,0.029112736053865492,0.2561846962057159,0.19307070248472863,31.449058807540887,9.946154581691768,44.92209620334615,21.35514488527858,0.03468902053185251,0.002634667888910112,0.03750444296335096,0.03181668242118255,0.03468902053185251,0.002634667888910112,0.8096942989330115,0.016857601972090276,0.8240925859853396,0.7811655840778647,0.14680040837142683,0.00374650222765203,0.1510508793692566,0.1411218202529722,77.80774308245739,6.927307309103704,89.53221961861,71.90526337148032,0.027636315382860228,0.0003864004278973254,0.02810271609151857,0.02705973338209579,0.027636315382860228,0.0003864004278973254,0.8973389057325103,0.06639930691210466,0.22072261502726917,0.0648325801431838,41.96277709908097,27.157269646970256,0.03428288160877806,0.005794960411480036,0.03428288160877806,0.005794960411480036,204.25307014930848,77.38358976403062,0.08962652832269669,0.08962652832269669,0.8363440632820129,1.1982512474060059,0.07048749923706055,0.05299359932541847,18.762130737304688,0.18544967472553253,3.0079562664031982,0.08962652832269669,64.92639923095703,13.486270904541016,38.0,129.0,63.0,55.0,74.0,77.38359069824219,14.291712760925293,48.0,133.0,76.0,66.0,87.0,71.86647033691406,10.920768737792969,46.0,123.0,71.0,64.0,79.0,230.28625866666667,train,cluster_033_biomass_230.29.png
0.958609550208657,0.01368705457479068,0.9755562194578616,0.9415286102281196,0.2427762279914385,0.03245357540243165,0.2889728427443676,0.20547135194562596,40.64453608648191,13.437665470948259,57.416055018199074,24.01151105060869,0.02959542030606257,0.0024917423366091324,0.03299183903398237,0.02675300761516393,0.02959542030606257,0.0024917423366091324,0.9219090488364333,0.02543555615555256,0.9494467146058455,0.8854324159161299,0.18895011682517054,0.02567957048758296,0.22033555764476745,0.15422089242876202,76.66475599308781,24.947946030295597,112.41342905405406,49.639847976030595,0.025404333315548644,0.0019431132529310353,0.0277267690753318,0.022809962861653797,0.025404333315548644,0.0019431132529310353,0.809842526006721,0.02154156007027185,0.8333633131534416,0.7764514855673935,0.12640622124500878,0.006765854951997248,0.13422884264123905,0.11608426578565238,186.5597872707935,21.04968692308864,219.15402795731995,163.48881990098428,0.020219070460440122,0.0005660264047218722,0.020883295190630098,0.019369501898128874,0.020219070460440122,0.0005660264047218722,0.8967870416839371,0.06661038057275437,0.18604418868720596,0.053360745723974846,101.28969311678775,65.32297130568321,0.025072941360683776,0.004259403480613403,0.025072941360683776,0.004259403480613403,491.1084812693376,90.51167889030613,0.13753879070281982,0.13753879070281982,0.7591503858566284,1.321176290512085,0.11099986732006073,0.024446716532111168,18.745338439941406,0.30504822731018066,4.561199188232422,0.13753879070281982,69.10399627685547,18.70133399963379,34.0,124.0,70.0,54.0,85.0,90.51168060302734,22.160966873168945,47.0,140.0,93.0,73.0,109.0,83.61439514160156,16.460960388183594,46.0,135.0,84.0,71.0,96.0,235.743097,test,cluster_034_biomass_235.74.png
0.9508939350636202,0.016067944763451174,0.9712693092836621,0.9313338300422465,0.3142319842592645,0.03736370501764433,0.3627386500168598,0.2733984227102648,20.335767089769668,6.651253310085645,28.431257415190775,11.892136450993064,0.04654881830206123,0.003694857511504004,0.05090963415540589,0.042649135636090546,0.04654881830206123,0.003694857511504004,0.9084443266762711,0.02971449111140856,0.9396551075314138,0.8645071874124539,0.25134072725940293,0.027260282187322404,0.28269641434937326,0.2184584315239954,37.9111646516092,12.32465099554591,56.17241795366797,24.985561744656376,0.04010614319778224,0.0028010753924647873,0.043134124951242296,0.03698099991261825,0.04010614319778224,0.0028010753924647873,0.782425148496972,0.026015075006634976,0.8056442852866578,0.7406001724804225,0.17433257943994818,0.004692038328848462,0.18097946867332776,0.1681332907673892,90.02380366543146,10.884457174330562,107.53779492565329,80.39325135946886,0.03202957315009697,0.000397283813579893,0.03256640386277286,0.03145333367679109,0.03202957315009697,0.000397283813579893,0.8805878034122877,0.07565879286790761,0.24663509698620523,0.06319367275832524,49.423578468936775,31.31358772947324,0.039561511549980145,0.006519330363164153,0.039561511549980145,0.006519330363164153,207.18650228388358,66.89789939413265,0.1066046729683876,0.1066046729683876,0.8086487054824829,1.2410609722137451,0.07879433780908585,0.03633931279182434,18.7583065032959,0.21969981491565704,3.502685546875,0.1066046729683876,54.403160095214844,13.529166221618652,32.0,131.0,53.0,43.0,63.0,66.89789581298828,14.393974304199219,43.0,130.0,66.0,55.0,76.0,59.30008316040039,8.792168617248535,39.0,105.0,59.0,52.0,65.0,276.88937566666664,train,cluster_035_biomass_276.89.png
0.9675520156733509,0.010446832175141148,0.9800093793919027,0.9565012090800087,0.22514776268448058,0.03154955213731082,0.26281226234184957,0.19256975999712816,52.607396486277466,16.957769769943884,70.54390798125759,32.386751281230964,0.02864770297163683,0.0023963451099215773,0.03133816986078687,0.026209834345853448,0.02864770297163683,0.0023963451099215773,0.9384063312517178,0.019716077199338218,0.9579535201002042,0.9113113927539614,0.17390944691548152,0.020484897513568905,0.19532246936216682,0.1480049354342747,99.90252607194085,31.995787940310443,143.90051882239428,68.19007018037797,0.024523020323920085,0.0017530408652095826,0.02631276612816591,0.022467846580446423,0.024523020323920085,0.0017530408652095826,0.8483690139344889,0.014673966967858058,0.8585188633262751,0.8232263711651701,0.1145314995798862,0.0035594755968930422,0.11820608639596503,0.10872960734797812,246.30925281796146,23.871808944598087,287.1952973496348,229.6280502585126,0.01941590383226264,0.0002802245754838313,0.019619645104048684,0.018932748177890958,0.01941590383226264,0.0002802245754838313,0.9181091202865193,0.05302026159998041,0.17119623639328277,0.05018863161895753,132.93972512539327,86.17530392344716,0.02419554237593985,0.004150022825565338,0.02419554237593985,0.004150022825565338,809.456917622148,80.64518893494898,0.11576767265796661,0.11576767265796661,0.7964295148849487,1.270110011100769,0.09976138919591904,0.04272555932402611,18.750436782836914,0.24718260765075684,4.489670753479004,0.11576767265796661,65.3858642578125,27.519115447998047,14.0,181.0,59.0,43.0,83.0,80.64518737792969,28.450956344604492,27.0,184.0,74.0,57.0,101.0,70.46536254882812,22.42377281188965,9.0,166.0,65.0,53.0,84.0,143.241467,train,cluster_036_biomass_143.24.png
0.956686857890537,0.013843324848196463,0.9729389495244849,0.9411590611717797,0.25786112973155084,0.035066334795510586,0.30552776823312955,0.2212494685219785,21.244754650563372,6.779381108233532,28.85020812805435,13.282711402946891,0.03409200149664837,0.002817515907539708,0.037781049579108786,0.031096728827376047,0.03409200149664837,0.002817515907539708,0.9180965712347271,0.025849824947091714,0.94490005909403,0.8836967844389656,0.1977550031811356,0.02769087683945495,0.22738406273304568,0.1605580839316538,40.15698969801073,12.674497489840872,57.02596122908648,27.014981198093977,0.02924269967889287,0.0021865474548162034,0.03163180036358507,0.026422329520109842,0.02924269967889287,0.0021865474548162034,0.800932051331248,0.017020491073207966,0.8169516166293794,0.772327348445618,0.12947243001325187,0.006884515117610965,0.13472424865907778,0.11765749026233813,97.4410894606243,8.3774315025197,111.51892776340613,89.53530557584696,0.02353534649662092,0.0004789670406228806,0.023960987459096677,0.022740213718749156,0.02353534649662092,0.0004789670406228806,0.8919051601521707,0.06906111572108939,0.19502952097531276,0.05858555149549095,52.947611269732796,33.789174661618176,0.028956682557387394,0.004788631891361711,0.028956682557387394,0.004788631891361711,245.71023463885123,83.37442203443878,0.11458747088909149,0.11458747088909149,0.7951900959014893,1.2604292631149292,0.11652442067861557,0.03758290782570839,18.743764877319336,0.22111302614212036,5.3271708488464355,0.11458747088909149,66.39862060546875,13.32028865814209,33.0,111.0,67.0,57.0,76.0,83.37442016601562,15.67514705657959,45.0,131.0,84.0,72.0,95.0,70.6364974975586,11.511797904968262,38.0,115.0,71.0,62.0,79.0,235.89324466666667,train,cluster_037_biomass_235.89.png
0.9644739660459243,0.011358470372378218,0.97730699017349,0.9513737066595769,0.21121954182686786,0.027659696713341914,0.24652336813331394,0.1830512200460917,57.168499382726736,18.253785838656622,78.2232902330634,36.52734625240447,0.026376525454564998,0.002019910990440496,0.028805109359648428,0.024377376461820244,0.026376525454564998,0.002019910990440496,0.9333992504173035,0.020240709518098008,0.9551281220552984,0.908287205077775,0.16501160811173,0.019373549592935718,0.1853474954387166,0.1422167605185224,107.1209559707818,32.55930899260691,147.616775257403,72.1826499627983,0.02284761271381785,0.0015442483303989571,0.024382294302744665,0.02104338424748029,0.02284761271381785,0.0015442483303989571,0.8404484987383898,0.011186876497859122,0.8547277904305967,0.8233437168622595,0.1121681005243241,0.002720292473994082,0.11491875313467988,0.1076459731501461,256.1328470903308,18.2212599320453,284.14229153192287,233.08921759599212,0.018447993926684128,0.00023397485981876758,0.018691654285282473,0.01807105629235565,0.018447993926684128,0.00023397485981876758,0.9127739050672057,0.05475129512445925,0.1627997501543073,0.044947101214425474,140.14076748127977,87.85251157606929,0.022557377365022332,0.003562613669817224,0.022557377365022332,0.003562613669817224,805.8788472596232,86.02562978316327,0.11630097031593323,0.11630097031593323,0.801666259765625,1.278590440750122,0.0926508903503418,0.05230287089943886,18.7535343170166,0.2645978331565857,4.0833516120910645,0.11630097031593323,70.97347259521484,34.4287109375,26.0,211.0,64.0,51.0,79.0,86.02562713623047,28.38800621032715,38.0,196.0,84.0,67.0,101.0,77.45181274414062,22.402854919433594,31.0,200.0,76.0,63.0,88.0,189.258687,train,cluster_038_biomass_189.26.png
0.9708771054982815,0.009304417190336766,0.9814970124041108,0.960367358677056,0.27835728169273055,0.03769513295092289,0.32580118003119224,0.2357766458036567,21.652304261418575,6.910018001837284,29.458706187536777,13.766395739910413,0.03359354173242581,0.00277592528612729,0.03682263285636272,0.030529365485348448,0.03359354173242581,0.00277592528612729,0.9452562799705481,0.016809482540688148,0.9629783831754294,0.9238996356623644,0.21581588491126985,0.026697447768081126,0.24757223365756195,0.1826502276043181,40.688510618620626,12.488769294520553,56.53426640926671,27.517122805606892,0.02877307455701469,0.0020989625828909324,0.031166597062371886,0.026383055065368748,0.02877307455701469,0.0020989625828909324,0.8664751841868964,0.009896022227543646,0.8773931134657409,0.8504010496489594,0.14243018827914333,0.005159593456308637,0.1484904327949668,0.13437170016175323,99.1285588399272,7.331362987004504,111.01420087264674,90.97861374888552,0.02289951743549215,0.00037003978686227175,0.02341035711530879,0.022366249455853957,0.02289951743549215,0.00037003978686227175,0.9275361898852421,0.046144501709907464,0.21220111829438124,0.06169274765217938,53.82312457332213,34.24192716485738,0.028422044574977556,0.004817130731965362,0.028422044574977556,0.004817130731965362,372.22971051179184,68.35032684948979,0.11999183893203735,0.11999183893203735,0.7889388203620911,1.2796533107757568,0.07125507295131683,0.02966761589050293,18.760936737060547,359.9862976074219,2.890507936477661,0.11999183893203735,54.225406646728516,17.31094741821289,12.0,133.0,52.0,40.0,67.0,68.35032653808594,19.293254852294922,19.0,131.0,66.0,53.0,83.0,64.30520629882812,14.055741310119629,25.0,138.0,61.0,53.0,74.0,179.52642,train,cluster_039_biomass_179.53.png
0.9738479706550142,0.008382072304568177,0.9829164266957464,0.9651925384593968,0.2623927032292448,0.033166329363422946,0.30009932917475446,0.22654380239468622,36.64520731381996,11.755101556833342,48.78415009350755,23.92122437540072,0.032414256952984825,0.0027050902502990535,0.035148884962596195,0.02929357510639805,0.032414256952984825,0.0027050902502990535,0.9500532753105668,0.015517557426610271,0.9657738717875259,0.9323126698811058,0.20459467215678698,0.02502405629046122,0.23238323965489688,0.17708712255962475,70.003218752549,21.75397253375076,94.91835585585657,47.9673429990554,0.027719209801917645,0.0020317048828073147,0.030159970167841246,0.02562578494685651,0.027719209801917645,0.0020317048828073147,0.8748379771880923,0.006856696868068182,0.8819112445880886,0.8645786036656048,0.13548882627688572,0.004134436370450806,0.1417119686513995,0.13008383872244278,175.59497972954478,9.617329447344455,190.07401422104414,165.70566512459015,0.021813474119328526,0.0003516371937167052,0.022409668298541102,0.02149746496226596,0.021813474119328526,0.0003516371937167052,0.9329130743845578,0.04358989619695386,0.20082540055430584,0.057204051331358745,94.08113526530458,61.17474828144129,0.027315646958077006,0.004761007579131935,0.027315646958077006,0.004761007579131935,699.9445559538589,74.8467793367347,0.14814890921115875,0.14814890921115875,0.7492642998695374,1.3848927021026611,0.10051809996366501,0.02221686951816082,18.749345779418945,4828.9296875,4.331267356872559,0.14814890921115875,57.508628845214844,25.044584274291992,2.0,142.0,52.0,37.0,76.0,74.8467788696289,26.456466674804688,9.0,149.0,69.0,52.0,96.0,66.55281066894531,20.556499481201172,15.0,140.0,61.0,50.0,82.0,154.35043833333333,train,cluster_040_biomass_154.35.png
0.9694606757506462,0.009924301171470609,0.9813817186244834,0.9577716547725732,0.27275172052981167,0.03185463612026617,0.31222240040537846,0.23848538450272455,47.2497346780271,15.314534538953469,65.29552172776519,28.85564141576011,0.04437840915809357,0.0033168004944701935,0.047725682426753055,0.040927391190396865,0.04437840915809357,0.0033168004944701935,0.942380376104027,0.018249998768852395,0.9617553425911809,0.9173938617268496,0.22034383535679317,0.021541431852128007,0.24452522015182562,0.19435211993233745,89.09425059348668,28.19783816906936,127.61717744530557,59.13042691387381,0.038510622131653474,0.002555789204393812,0.041198755764968786,0.035832905132651416,0.038510622131653474,0.002555789204393812,0.8595391214201036,0.012932616534008198,0.8725778928660174,0.8383439169612279,0.1549020492285593,0.0029699793477913285,0.1579793137299959,0.15016389412889902,216.6301230378703,19.872959972063775,249.1643907562484,196.2984132781546,0.030525093248161453,0.000369175296603521,0.030985330718022328,0.02998961376747508,0.030525093248161453,0.000369175296603521,0.9237933910915923,0.04884804619163659,0.2159992017050547,0.053104168641074666,117.65803610312803,75.26238619662972,0.03780470817930283,0.006174522032498011,0.03780470817930283,0.006174522032498011,776.0965770350452,75.69254225127551,0.09621495753526688,0.09621495753526688,0.8292610049247742,1.2208735942840576,0.0705743208527565,0.05880659818649292,18.7623348236084,0.22005894780158997,3.1643381118774414,0.09621495753526688,64.77730560302734,30.4100399017334,27.0,192.0,58.0,38.0,84.0,75.69254302978516,27.858509063720703,39.0,174.0,71.0,50.0,96.0,68.611328125,21.06421661376953,31.0,181.0,65.0,51.0,82.0,178.9352123333333,train,cluster_041_biomass_178.94.png
0.9672545252354188,0.010773341250522048,0.9795483005049168,0.9533004914347308,0.268072692420832,0.03462237925702827,0.3125482030720998,0.22918846378817076,26.611359820225843,8.756720291431222,37.95228136499864,16.60928491351706,0.031491303600301335,0.002590897721938922,0.03469184424359292,0.02863818227692049,0.031491303600301335,0.002590897721938922,0.9383929358548148,0.019214730352654356,0.9604351666777036,0.9133573666411167,0.208829433985335,0.026488390371037222,0.23988855913337143,0.17585858609753627,50.064957841894085,15.626519386704372,70.48485762548256,32.15347181724977,0.02698070319988156,0.002012942548544327,0.029267363192969246,0.024532407091692954,0.02698070319988156,0.002012942548544327,0.8497441934199155,0.013741939042811006,0.867946975375655,0.8302536968426615,0.13952622139909682,0.005338318938584337,0.14492157468591582,0.13084584492887724,122.09318574951763,11.269741587185417,138.15509857787944,107.30316126937964,0.02147358212855348,0.0003754584086680764,0.021904137367035975,0.020877161920275264,0.02147358212855348,0.0003754584086680764,0.9184638848367164,0.0521989823856735,0.20547611593508797,0.05833182761279378,66.25650113721252,42.42449758755505,0.026648529642912127,0.00451842665746281,0.026648529642912127,0.00451842665746281,406.2699033994567,83.46928810586735,0.06956163048744202,0.06956163048744202,0.8716154098510742,1.1520403623580933,0.0844125971198082,0.07435648143291473,18.757598876953125,0.13833840191364288,4.054474353790283,0.06956163048744202,73.16442108154297,19.48806381225586,37.0,141.0,74.0,57.0,88.0,83.46929168701172,20.156137466430664,47.0,146.0,83.0,66.0,99.0,72.24894714355469,12.163540840148926,43.0,122.0,72.0,62.0,81.0,242.51370366666663,train,cluster_042_biomass_242.51.png
0.9681859230318932,0.01016417696379954,0.9797887041951959,0.9570193291197778,0.39394874573308986,0.03915567166723326,0.4369578778375436,0.35441483752035763,14.297786345744083,4.5691969170904905,19.317058456836293,9.076833760410057,0.07404200148146095,0.004983872904820237,0.0798914826739256,0.06875635780915203,0.07404200148146095,0.004983872904820237,0.9399756061119765,0.01854697735234601,0.9591977241211532,0.9164400219745905,0.3261662220916367,0.028762760589692453,0.35537424628740893,0.29550659217613895,26.982446231847305,8.346926546878686,37.60686132561108,18.33807235214889,0.06526557002059363,0.0039025965116801214,0.06945644815863147,0.06051150557640883,0.06526557002059363,0.0039025965116801214,0.8517401059735872,0.01091561112287699,0.8631161315293384,0.8337109699816991,0.23641974427622778,0.0027040808374065835,0.2405896217813656,0.233024889867617,66.68967627782266,4.975486927000359,74.93109647704689,61.567912507102996,0.05247724074321312,0.0006485957402474749,0.0531408161200426,0.05146791843268536,0.05247724074321312,0.0006485957402474749,0.9199672117058189,0.0514676900385168,0.3188449040336514,0.07037014227351601,35.98996961847135,23.162199773735335,0.06392827074842257,0.00958630849984511,0.06392827074842257,0.00958630849984511,224.64335594193133,58.79950573979592,0.15942172706127167,0.15942172706127167,0.72549968957901,1.380611777305603,0.07794453948736191,0.004254495725035667,18.757383346557617,0.35911625623703003,3.105600357055664,0.15942172706127167,42.774574279785156,11.527523040771484,29.0,84.0,40.0,33.0,51.0,58.79950714111328,14.988106727600098,40.0,112.0,56.0,45.0,69.0,54.94858169555664,11.16978931427002,36.0,100.0,53.0,45.0,63.0,240.73601633333337,test,cluster_043_biomass_240.74.png
0.9628911309043899,0.012148530870756413,0.9765000908541875,0.946958356367411,0.244669512450029,0.032657412427967304,0.2859954723754981,0.2063609619380118,29.028660675683923,9.508567504821665,41.498240463311504,18.3809457078798,0.030129200217481313,0.0024313286058745697,0.03309589763613561,0.02725679303400749,0.030129200217481313,0.0024313286058745697,0.9300479703231213,0.021907280442624646,0.9554335818116507,0.9020134043746671,0.1881095790351398,0.025872087967382794,0.21985743931635698,0.15653508203080807,54.71914029287315,17.126235132208738,76.6161719755471,34.867823603933594,0.02581481450112149,0.0020039463004295683,0.02826698303062927,0.02342695766611537,0.02581481450112149,0.0020039463004295683,0.8313822823338746,0.01593735757289595,0.8533994081046707,0.8095080999008926,0.1237616115221529,0.00596320562187672,0.13137560734910583,0.11509302356613874,131.91780220725525,12.412643488381086,148.90657320618715,114.73492411330561,0.020646908367891174,0.00047560097643179817,0.021310305806712154,0.01998404471459946,0.020646908367891174,0.00047560097643179817,0.9081071278537953,0.05845483893195647,0.18551356766910723,0.055048162274752746,71.88853439193744,45.72768806500949,0.025530307695497995,0.004290753678846453,0.025530307695497995,0.004290753678846453,390.84817504723935,82.41792889030613,0.10819438844919205,0.10819438844919205,0.8056341409683228,1.2443848848342896,0.09967909008264542,0.04298674315214157,18.750471115112305,0.21692439913749695,4.439740180969238,0.10819438844919205,66.69967651367188,17.581640243530273,28.0,142.0,65.0,53.0,79.0,82.41793060302734,19.769880294799805,34.0,155.0,80.0,67.0,97.0,72.71800994873047,15.828736305236816,33.0,142.0,70.0,61.0,83.0,155.152925,test,cluster_044_biomass_155.15.png
0.9690445287193215,0.009809066760363673,0.9792927964412796,0.958190433589102,0.31778977453935775,0.03947571150190159,0.359744509248602,0.27211722819523854,14.365670168922943,4.5540272720860395,19.405176054214245,9.608884529148037,0.04085062366479471,0.003288117906217896,0.04423490603982562,0.03717738274270449,0.04085062366479471,0.003288117906217896,0.9416374009185111,0.01770037948695009,0.9603516301472872,0.9221198128610263,0.2487595985021497,0.030260929438889507,0.28515060158006855,0.21687756287296797,27.08954810976421,8.21696854084929,36.143319658944726,18.401214583040517,0.03497703699047605,0.0026138554455298747,0.037973591489219735,0.03233268066749509,0.03497703699047605,0.0026138554455298747,0.8568111628680779,0.00803201577080676,0.8680032247589775,0.8462197256063595,0.16587008764716415,0.004740609593710978,0.17392278095729335,0.16192605661423556,66.50871516025536,3.7163220680035205,71.38829185519745,61.316228390553896,0.027839843325254347,0.00039277452330883916,0.028485707263997462,0.02751110021553581,0.027839843325254347,0.00039277452330883916,0.9224976975019702,0.04940206162193732,0.2441398202295572,0.06847953024578401,35.98797781298084,22.951328453693996,0.03455583466017504,0.005851055491901694,0.03455583466017504,0.005851055491901694,231.9384889991916,67.47307477678571,0.12523871660232544,0.12523871660232544,0.7791047096252441,1.2901651859283447,0.07430347800254822,0.02590281143784523,18.75961685180664,0.2796390950679779,3.030756711959839,0.12523871660232544,52.91306686401367,14.038878440856934,18.0,141.0,51.0,43.0,62.0,67.47307586669922,15.22952651977539,31.0,146.0,66.0,56.0,77.0,63.085697174072266,10.778960227966309,33.0,132.0,62.0,55.0,70.0,188.4545016666667,train,cluster_045_biomass_188.45.png
0.9570683912671799,0.01480731381624667,0.9731634225474328,0.9356499532200236,0.24371675255329378,0.03260535733757436,0.28390230218827645,0.2015076760390072,34.13537374803602,11.761812777474132,51.15113917432514,21.349155188981513,0.030128022684967695,0.002526452033949891,0.03316710562329476,0.02694680165447304,0.030128022684967695,0.002526452033949891,0.9194557998403547,0.0252560107189568,0.9512137186691446,0.8873881729413131,0.18924827532681487,0.02525179101580607,0.22406568174551647,0.15938712640602815,64.01847082302983,20.069104550453424,89.49553571428618,38.78051036618501,0.02582426441253281,0.0019670893421035347,0.028443309063708584,0.023530058986163775,0.02582426441253281,0.0019670893421035347,0.8049137019431365,0.02258139445213169,0.8393840350424215,0.782036812353689,0.12550016178946055,0.006663180303685855,0.1356264547622162,0.11876795607800641,154.85724096206383,17.938358944684822,173.07354961213568,127.43878337797452,0.02056133121689311,0.0005342710185996896,0.02138486499859499,0.020047869805237557,0.02056133121689311,0.0005342710185996896,0.8938126310168903,0.0681393789667002,0.18615506322318975,0.0539972016434343,84.33702851104323,54.0649122521564,0.025504539438131205,0.004337894066346483,0.025504539438131205,0.004337894066346483,398.0717396130417,82.6741868622449,0.05345004051923752,0.05345004051923752,0.9004234671592712,1.1155009269714355,0.07452239096164703,0.0862031877040863,18.761882781982422,0.10597273707389832,3.6948821544647217,0.05345004051923752,74.75428771972656,19.371551513671875,36.0,132.0,76.0,59.0,91.0,82.67418670654297,19.95173454284668,46.0,143.0,82.0,66.0,98.0,71.59088134765625,12.508694648742676,43.0,123.0,71.0,61.0,81.0,161.3582046666667,train,cluster_046_biomass_161.36.png
0.9568172708944682,0.013736145230110231,0.9709703812766858,0.9417795550005579,0.2629350485865787,0.03677398595505596,0.31051957783730705,0.2237541415532011,21.65811165265771,6.880128772001529,29.191337046794118,14.578114990390947,0.035097091726120466,0.0029092330403661607,0.038721637353911716,0.032077086485485774,0.035097091726120466,0.0029092330403661607,0.9182081899771285,0.02496552133725504,0.9444554327795288,0.891345021187114,0.20192587027862766,0.026424378097217937,0.23067470188770334,0.1663659845144292,41.01222630993594,12.51696994366309,54.39486808236831,27.848901043657108,0.030027541891175253,0.00225093993244908,0.032405883449273906,0.02726282988993023,0.030027541891175253,0.00225093993244908,0.7984557126691776,0.011396212751738853,0.8145712564918461,0.784287122793298,0.13047484059629672,0.006731352674721197,0.13674195010416837,0.11948770399531898,100.93903403181113,5.702019966806113,107.79209760826453,92.82052998945008,0.023958719655845,0.0004132577875230958,0.024402792875722047,0.023283635111862325,0.023958719655845,0.0004132577875230958,0.8911603911802581,0.06970987327945152,0.1984452531538344,0.06024093376724098,54.53645733146826,34.89800999064792,0.029694451091046913,0.005029885348966451,0.029694451091046913,0.005029885348966451,251.16734451713384,75.83039700255102,0.11997461318969727,0.11997461318969727,0.7865194082260132,1.2742289304733276,0.08800825476646423,0.031100155785679817,18.754514694213867,0.25365835428237915,3.711754322052002,0.11997461318969727,59.82924270629883,13.711162567138672,32.0,119.0,58.0,50.0,69.0,75.83039855957031,15.848260879516602,41.0,140.0,75.0,64.0,86.0,69.38945007324219,11.662901878356934,42.0,128.0,68.0,61.0,77.0,200.121851,train,cluster_047_biomass_200.12.png
0.9658987612585003,0.011246886394794691,0.9792391859810456,0.9515459722044423,0.3325558702425244,0.03563828750178001,0.3761033455690029,0.29577595215706115,21.520238375028583,7.092643602205843,30.573890486436888,13.116852178091072,0.052491925721622174,0.003935201061556347,0.056543459445655475,0.04855490393244169,0.052491925721622174,0.003935201061556347,0.9355889239276433,0.02062900856719984,0.9586111032882382,0.907214329747712,0.2698006862374061,0.02790833981344696,0.2991029608809289,0.2369484362956864,40.63610194639945,12.993072007869566,58.451858108107984,26.11574735064081,0.045558996779434265,0.0029991590305190217,0.04856029193302086,0.042478635183735465,0.045558996779434265,0.0029991590305190217,0.8415855502781526,0.016566768820746137,0.8611328069116357,0.8165697648943394,0.1901464158071642,0.003852399004874246,0.19316407695873095,0.1835619038888659,99.85215768923449,10.330509888969651,115.40043228828965,87.52570814057465,0.036021363573537676,0.0003065269811525247,0.036388593634851675,0.03557097876645077,0.036021363573537676,0.0003065269811525247,0.9143577451547654,0.05546631986306083,0.26416765742903153,0.06390520798265076,54.00283267022084,34.93705757083755,0.044690762024864696,0.007333602507088245,0.044690762024864696,0.007333602507088245,315.7917675219293,67.25743383290816,0.1459735780954361,0.1459735780954361,0.7459363341331482,1.3434991836547852,0.07926365733146667,0.012846370227634907,18.757184982299805,0.33730393648147583,3.10125732421875,0.1459735780954361,50.380897521972656,14.222105979919434,29.0,97.0,49.0,37.0,62.0,67.25743103027344,17.770530700683594,41.0,124.0,66.0,50.0,82.0,63.92173385620117,12.891399383544922,39.0,110.0,64.0,52.0,74.0,267.8270146666667,train,cluster_048_biomass_267.83.png
0.9400852971513295,0.019890386551154292,0.967268836004872,0.9204730661467962,0.1986769254443721,0.03556078958031912,0.2527770615094716,0.16416911691184127,40.09110732850662,13.300153042888843,53.20408614691687,21.908331998718925,0.0276879397683946,0.0025563200576603625,0.03147630444925033,0.025157781996249243,0.0276879397683946,0.0025563200576603625,0.8866075300296775,0.04040535033742679,0.9216322786413259,0.822297474081404,0.1493728837514492,0.02031992337319061,0.1695321725660734,0.11748458071916858,75.85936679453114,27.032213088850913,118.88626126126186,52.428080194655664,0.023716863322465396,0.0018005493136469273,0.025543227306227576,0.02103001467419054,0.023716863322465396,0.0018005493136469273,0.721662912381245,0.04504115208460866,0.7671287488053709,0.646799575079902,0.09465388469005273,0.00822581385047838,0.10581371644979942,0.0831201894274425,186.05823369890035,30.196616774419727,236.27092760178434,155.64289754361664,0.019058936763494363,0.0006345752967661179,0.01980262988723257,0.018061451330803353,0.019058936763494363,0.0006345752967661179,0.8494519131874173,0.09996983557198982,0.147567897961958,0.048854943521301174,100.66956927397938,66.82312596471512,0.02348791328478479,0.003978605680564341,0.02348791328478479,0.003978605680564341,334.87843339912894,80.16119260204081,0.08951517939567566,0.08951517939567566,0.8365877270698547,1.1981682777404785,0.06864535063505173,0.05527539178729057,18.762920379638672,0.18732020258903503,2.8603696823120117,0.08951517939567566,67.32601165771484,16.809633255004883,31.0,137.0,66.0,54.0,79.0,80.16119384765625,18.2996826171875,42.0,146.0,79.0,66.0,93.0,75.49180603027344,16.584604263305664,38.0,147.0,74.0,63.0,86.0,181.9450023333333,train,cluster_049_biomass_181.95.png
0.9675109682790632,0.011139825914169763,0.9778768409570817,0.951198829500199,0.23337312848070169,0.02940463539032893,0.26323046367964414,0.19185000789211323,48.63813640018231,16.66231989295343,73.04122343099587,33.12920403587512,0.026988154359414915,0.0021786887810592353,0.029175543580569525,0.02408801517116925,0.026988154359414915,0.0021786887810592353,0.9386759574364215,0.019021949863125196,0.9632326650095844,0.9200011087505571,0.18243317683529364,0.025251055108599204,0.2195228424843474,0.15764434824152393,91.78755896746884,28.474041568400516,119.79224983912637,55.02943956242897,0.023186369263263007,0.001789075902394771,0.02568061016748379,0.02145006124982947,0.023186369263263007,0.001789075902394771,0.8518110364950677,0.015589641854921489,0.8784583120142256,0.83881656343518,0.12174979051898058,0.007903574229858127,0.13512255250780036,0.11453401071023499,221.58192110798817,23.338404829327125,240.93247301356772,181.67066390715908,0.018486547036006287,0.0005004414358000516,0.01934415278402451,0.018082458983875352,0.018486547036006287,0.0005004414358000516,0.9193326540701842,0.05158633351397772,0.17918536527832532,0.051024249335863976,120.66920549187977,77.11265715584169,0.022887023552894736,0.003850151267249123,0.022887023552894736,0.003850151267249123,749.3992284844687,90.22148038903062,0.07770784199237823,0.07770784199237823,0.858360767364502,1.172640323638916,0.07662932574748993,0.07698716968297958,18.76067543029785,0.17117273807525635,3.4453182220458984,0.07770784199237823,78.4665756225586,27.82549285888672,31.0,181.0,76.0,54.0,99.0,90.22148132324219,27.37515640258789,43.0,184.0,89.0,66.0,112.0,82.43590545654297,20.611473083496094,27.0,155.0,79.0,66.0,97.0,215.82060733333333,train,cluster_050_biomass_215.82.png
0.9648438570617546,0.011331597131599185,0.9787540280530433,0.9527236958115065,0.3680918545742554,0.04042718525705023,0.41207522973693056,0.3269941236915225,15.530666502622967,5.005833513550689,20.88463472018374,9.385770339525997,0.060815417429366504,0.004749295890838503,0.06593716247450966,0.05573266730108447,0.060815417429366504,0.004749295890838503,0.9334976888278443,0.021422784683619436,0.9546852907531035,0.903276916578294,0.29886499582658493,0.028907561161614873,0.3285065037729193,0.2685657542214338,29.376910879206427,9.461688723003968,42.72230936293428,20.01856059844382,0.05244391543268858,0.0036547882486532195,0.05642809074126293,0.04842493912030564,0.05244391543268858,0.0036547882486532195,0.8351959338836273,0.01645163662608669,0.8467358534095971,0.8070492476244419,0.2091760063823963,0.002513044284965318,0.21349231594109333,0.20738821123217516,72.79176815676706,7.25340490651932,85.20220588234505,67.7113970588179,0.041283160261636365,0.000496147532521,0.041992206620952065,0.04058956174527209,0.041283160261636365,0.000496147532521,0.9111791599244087,0.05776234135274015,0.2920442855944122,0.07111780444463131,39.233115179532156,25.510310539937098,0.05151416437456382,0.008721823997948188,0.05151416437456382,0.008721823997948188,220.88183833936114,61.81475207270408,0.13323085010051727,0.13323085010051727,0.7654637098312378,1.308735728263855,0.07292588800191879,0.01825578510761261,18.759862899780273,0.29019516706466675,2.970043897628784,0.13323085010051727,47.478553771972656,12.266824722290039,30.0,95.0,44.0,37.0,56.0,61.81475067138672,14.862093925476074,41.0,119.0,58.0,49.0,72.0,57.554847717285156,11.042323112487793,38.0,98.0,55.0,48.0,66.0,258.3442126666667,test,cluster_051_biomass_258.34.png
0.9404676399104354,0.019866756223086566,0.967463860217525,0.91702530562702,0.2538839450637088,0.03938369902079395,0.31387139042192636,0.21344301140282762,26.805202568456934,8.94300355123388,37.35076112529939,14.628863709160816,0.03708621092899017,0.0034089468613086172,0.04208710146634715,0.033519856939023256,0.03708621092899017,0.0034089468613086172,0.8891765164341625,0.038240353133911276,0.9265643204643278,0.828737463777518,0.19566301271218428,0.02623370317035654,0.22437104359377924,0.15610978441300818,49.90624292305324,17.306816755055078,77.34133687258733,33.05692855275616,0.03182807025733704,0.0023509597990120025,0.03440337145185006,0.028369816914143624,0.03182807025733704,0.0023509597990120025,0.7381260160719036,0.03951114067058695,0.7750146756392471,0.6746168189632092,0.12978450897177912,0.009771184276111766,0.1412908860372083,0.11475515634585978,117.84274718911307,18.191448664321804,147.10342598576423,100.70198367807686,0.02569239274874694,0.0008067312321338848,0.026570118487759,0.024451244872053128,0.02569239274874694,0.0008067312321338848,0.8559233908055003,0.09228193171407745,0.19311048891589075,0.05786440200593116,64.85139756020776,41.59080731439245,0.031535557978358046,0.005254732390044475,0.031535557978358046,0.005254732390044475,225.25959334875927,68.72783801020408,0.13757987320423126,0.13757987320423126,0.7589335441589355,1.32086181640625,0.09726884216070175,0.017440065741539,18.750429153442383,0.28336504101753235,4.222410202026367,0.13757987320423126,52.26789855957031,12.36687183380127,32.0,123.0,50.0,43.0,59.0,68.72783660888672,15.008651733398438,43.0,144.0,67.0,57.0,78.0,60.38422775268555,9.844663619995117,37.0,106.0,60.0,53.0,67.0,141.94857966666666,test,cluster_052_biomass_141.95.png
0.9731723997610651,0.008536055378305405,0.9829102174883368,0.9637387037362853,0.3725931443394922,0.042588364637401656,0.4177116196849573,0.32837835160058576,10.747329633757897,3.4235561694211296,14.530133322608624,6.836142696989187,0.04927568939558496,0.003952317717057748,0.05356978085069896,0.04526384177034207,0.04927568939558496,0.003952317717057748,0.9493889962548014,0.015677920309087243,0.9656857971414634,0.9294785490646912,0.2965337413231942,0.03366375882185915,0.33174302229072417,0.2590628258382155,20.28323439512161,6.292801636420985,28.315335424710597,13.749864264312617,0.042211063618990956,0.003127682258670411,0.04539897597705361,0.038795560284936983,0.042211063618990956,0.003127682258670411,0.8746002332971102,0.009342710584105228,0.8844005684048327,0.8591930994406137,0.2014718876246928,0.00462252699581122,0.20608321691924875,0.19410327758748055,50.321308959013805,3.818270189352119,56.648674854553136,46.40187484782136,0.03336105409374779,0.00038511274237736315,0.03378426819460108,0.03278389458071446,0.03336105409374779,0.00038511274237736315,0.9323872097709921,0.043580480278286336,0.2901995910957931,0.0767459220519515,27.11729099596444,17.502434980811437,0.04161593570277457,0.00713490475812029,0.04161593570277457,0.00713490475812029,200.0376218679,62.900948660714285,0.1305684894323349,0.1305684894323349,0.7700640559196472,1.302761435508728,0.0690276101231575,0.020655853673815727,18.761455535888672,0.293243944644928,2.748579978942871,0.1305684894323349,48.691566467285156,12.337440490722656,22.0,102.0,47.0,39.0,56.0,62.90094757080078,14.143465995788574,33.0,123.0,61.0,52.0,71.0,59.5082893371582,10.101707458496094,37.0,103.0,58.0,52.0,66.0,240.5753763333333,train,cluster_053_biomass_240.58.png
0.9509281898044804,0.016003836485737905,0.972437988347642,0.9338862677268338,0.347762927810954,0.04147749137950082,0.40755928337062697,0.3054546369419806,16.892142061760783,5.509573498913991,22.758008405558623,9.484204836643285,0.06004517244955463,0.00432165066501748,0.06553709372624089,0.055440334272045165,0.06004517244955463,0.00432165066501748,0.9082973157560342,0.031037336868307945,0.9372615872382128,0.8601459041563153,0.2822517388624869,0.02928214506510289,0.3129131743803639,0.23949878266810146,31.56700774813507,10.696566275722846,48.17925514800529,21.596794626878243,0.05259392347138363,0.0033252710887428506,0.05621434100102094,0.048333304508564705,0.05259392347138363,0.0033252710887428506,0.7811598825017161,0.029997110128536973,0.807930743371809,0.7308182495696043,0.20146309576981722,0.010076478010682387,0.2112067667606175,0.18538651014358265,75.32798693286308,10.41303997167629,92.79906674207373,66.00078781512121,0.04239325671998476,0.0009399254274030372,0.04318998990755711,0.04084961968018049,0.04239325671998476,0.0009399254274030372,0.8801284626874103,0.07685512601691599,0.2771592541477527,0.06688318734514472,41.262378914252984,26.467449490871786,0.051677450880307674,0.007909329924638839,0.051677450880307674,0.007909329924638839,172.1023405250635,60.09115911989796,0.1583321988582611,0.1583321988582611,0.7275235056877136,1.3782901763916016,0.08051572740077972,0.004591301549226046,18.756399154663086,0.35342487692832947,3.229705572128296,0.1583321988582611,43.75852966308594,10.254339218139648,29.0,151.0,43.0,36.0,50.0,60.09115982055664,13.118778228759766,40.0,137.0,59.0,49.0,69.0,55.89228057861328,9.658953666687012,37.0,134.0,56.0,48.0,63.0,177.5469425,train,cluster_054_biomass_177.55.png
0.9676193350198211,0.010419012712320975,0.9801016759776534,0.956203411472174,0.2509755426936953,0.03438075607814067,0.29260216058512917,0.21463683989571994,27.440276970824936,8.823916009053274,37.108065716182075,16.864790198590732,0.03038905927703949,0.002489115144557085,0.03319564927234629,0.02771861533357405,0.03038905927703949,0.002489115144557085,0.9385396950935,0.019777165685513458,0.9584976883217536,0.9111696276121742,0.19244953218281155,0.025008945799754018,0.21951416079223243,0.1621604324234241,52.07590656712932,16.758273073320876,75.26817889317938,35.16485350600273,0.02599510850472319,0.0019339284531682747,0.028111315384135423,0.023810857038679432,0.02599510850472319,0.0019339284531682747,0.8486204006685204,0.015029771683103765,0.8599885485854374,0.8230103010429612,0.12526307410900075,0.0049797833628823455,0.13046757986434387,0.11704756718770044,128.1808823551485,12.711958329308425,149.8459922430358,118.53337797256903,0.020655233313882537,0.000306256604706359,0.02104172247637235,0.020185115631157022,0.020655233313882537,0.000306256604706359,0.918259810260614,0.05298701075711311,0.18956271632850252,0.05699881559691927,69.23235529770092,44.85586353669567,0.025679800365215073,0.004379968772626044,0.025679800365215073,0.004379968772626044,424.0354831541443,75.33856823979592,0.09976977109909058,0.09976977109909058,0.8210746645927429,1.22624671459198,0.08361805975437164,0.04561610519886017,18.75678825378418,0.20418597757816315,3.7213327884674072,0.09976977109909058,62.121910095214844,18.807207107543945,13.0,133.0,59.0,47.0,76.0,75.33856964111328,20.592121124267578,19.0,144.0,73.0,59.0,91.0,67.23262023925781,15.788578987121582,24.0,133.0,64.0,55.0,78.0,219.5135263333333,train,cluster_055_biomass_219.51.png
0.9563738593819959,0.014009550579781352,0.9726395381488764,0.9404366133624295,0.215877501037475,0.029404489826275682,0.24890475006496712,0.1861699539719618,52.318625858402996,16.78256122309241,71.41289790665427,32.83850496476703,0.027255502678415505,0.0022203709541407267,0.029553374202825226,0.024883114905656773,0.027255502678415505,0.0022203709541407267,0.9178179347149035,0.025531394595914313,0.9446673733156069,0.8843843315316219,0.16565044678364138,0.021036357224325775,0.18701794099331398,0.14194715678398123,98.55205440927124,30.628690572883027,138.64589366151966,66.3404452130546,0.023351976922733986,0.0016902034097097296,0.025194073704270566,0.02165865874194359,0.023351976922733986,0.0016902034097097296,0.8021487085204634,0.015239638329468778,0.8175437030165429,0.7770028908376546,0.10913394785768707,0.002790989156180721,0.11226253823999031,0.10518232670004558,237.13472897673464,18.40182098515236,267.5169683257412,218.54453778103561,0.01858914519661274,0.0001974302789288215,0.018873979316089036,0.018389876600932602,0.01858914519661274,0.0001974302789288215,0.8921135008724543,0.06822546360351893,0.1635539652262678,0.04836881878781905,129.33513641480295,81.76855804759283,0.023065541599254075,0.003894515684404975,0.023065541599254075,0.003894515684404975,600.3928912511125,82.7196269132653,0.1104082316160202,0.1104082316160202,0.8025251030921936,1.2509450912475586,0.11402318626642227,0.04085363820195198,18.744861602783203,0.21433697640895844,5.253843784332275,0.1104082316160202,66.52664947509766,20.70461082458496,27.0,159.0,64.0,49.0,81.0,82.7196273803711,24.50291633605957,20.0,175.0,80.0,62.0,101.0,69.8366928100586,19.040908813476562,22.0,163.0,66.0,55.0,83.0,221.7279113333333,train,cluster_056_biomass_221.73.png
0.968480640016713,0.01016933159435942,0.9807356169084548,0.9570770203082227,0.21154253513124105,0.03026342314495622,0.2518762687587625,0.17988485371378088,57.66066192603209,18.595760525847023,78.50385087172384,35.19510730301207,0.023849584197653678,0.001990636005360096,0.026274593125639022,0.021754535939191657,0.023849584197653678,0.001990636005360096,0.9408360807749304,0.018435622801369567,0.9598980068860324,0.9157948764083869,0.16388166005421673,0.019067026434086573,0.184879149905229,0.13935288937097287,108.21637279585379,33.80778579731798,154.4380228442719,73.35058014438177,0.02049064988292573,0.0014189282577748718,0.02202234721972068,0.01877483172971201,0.02049064988292573,0.0014189282577748718,0.8572545401981111,0.01181980275134012,0.8686960353530748,0.8375383554902819,0.1083536019941819,0.00343499991646001,0.11168717833580405,0.10356383295184887,260.8576914502861,22.323715662728734,298.22830478337426,239.9089968346932,0.016372649567163066,0.00022304657269809575,0.016608508848060848,0.016020792482009587,0.016372649567163066,0.00022304657269809575,0.9221904203299184,0.0492953981990403,0.16125926572654656,0.04699474754662069,142.24490872405735,90.12684627957823,0.020237627882580822,0.0033701654169809485,0.020237627882580822,0.0033701654169809485,915.2633531495762,90.87115353954081,0.11110564321279526,0.11110564321279526,0.8053425550460815,1.2589439153671265,0.10837811976671219,0.05425341799855232,18.747539520263672,0.23618890345096588,4.926087856292725,0.11110564321279526,74.78984069824219,32.27875900268555,28.0,216.0,69.0,53.0,90.0,90.87115478515625,30.253320693969727,39.0,196.0,89.0,69.0,109.0,79.31604766845703,23.303783416748047,34.0,191.0,77.0,64.0,90.0,250.99940633333333,train,cluster_057_biomass_251.00.png
0.9638026134848042,0.012431476814206878,0.9769918000384324,0.9458151781417439,0.269157995668585,0.03581282508500312,0.3122351571073908,0.2194987148726036,26.52111064738766,9.098847379913796,39.6865410525048,16.840647021140423,0.032873543845091314,0.0026923122434869603,0.03603851342652009,0.029204260998061216,0.032873543845091314,0.0026923122434869603,0.9319775958175013,0.021181659753740093,0.958814167398001,0.906359553849906,0.20959152890631416,0.029331335277817432,0.25261366263791446,0.17636313671908527,49.823570964246805,15.543801676728766,68.80678893178934,30.165818737558027,0.02831640440880117,0.002199534711119174,0.03148461153028589,0.02590097115878547,0.02831640440880117,0.002199534711119174,0.8343832553902671,0.017714722258423406,0.862927805970748,0.8180414553989132,0.14121047533884254,0.00951836725361336,0.15640899574875944,0.1328909985473415,121.12653465769336,13.153031626234258,133.8208629605572,100.18707897086486,0.022901960858789507,0.0006616749834298421,0.023980000813187602,0.02232820185959339,0.022901960858789507,0.0006616749834298421,0.9100544882308576,0.05777148894446925,0.20665333330458055,0.05896812261518768,65.82373875644261,42.255185935463004,0.02803063637089399,0.004559350853982416,0.02803063637089399,0.004559350853982416,366.8713354339504,85.04948580994898,0.12657038867473602,0.12657038867473602,0.7764859795570374,1.2922598123550415,0.08959522098302841,0.030409052968025208,18.75383949279785,0.2875324785709381,3.536393165588379,0.12657038867473602,66.28842163085938,16.674161911010742,34.0,142.0,64.0,55.0,75.0,85.04948425292969,19.153884887695312,47.0,141.0,83.0,73.0,97.0,80.9637680053711,13.123312950134277,45.0,139.0,81.0,73.0,89.0,157.85427866666666,train,cluster_058_biomass_157.85.png
0.9614460409455751,0.012622314286926693,0.9766999470077036,0.9458159997842333,0.2820354768336881,0.04041003376851368,0.3390612739744011,0.23763974431993085,26.03679447067408,8.530836241903136,36.60109795089405,15.74167200512495,0.033416359736462974,0.0029630310471467874,0.03759062600759082,0.03010639290968518,0.033416359736462974,0.0029630310471467874,0.9272496748719942,0.02334144104979455,0.9526831114510557,0.8947680514632534,0.21982740699879377,0.02684883490202175,0.2509293024984892,0.1811834764350372,49.13785209410072,15.736777539595835,70.95990186615194,31.96316032898346,0.02870049694925655,0.0021022156043040523,0.031200348208538103,0.02579263345838182,0.02870049694925655,0.0021022156043040523,0.8223178818452199,0.018635178387881646,0.8433077025601802,0.7933350830390108,0.14688624900541236,0.008436098874992574,0.15635589021944257,0.13537646644737708,120.12298795053718,12.379301398771933,139.29680429863114,105.99431864296842,0.023057637886426976,0.0005922895170107792,0.02363531152589737,0.02219663252687917,0.023057637886426976,0.0005922895170107792,0.9036711992209298,0.062085034858533054,0.21624971094596476,0.06212046169568803,65.099211505104,41.95998820533074,0.0283914981907155,0.0047379478623018716,0.0283914981907155,0.0047379478623018716,337.3160470643176,87.46211336096938,0.15561673045158386,0.15561673045158386,0.7318906188011169,1.371651530265808,0.11735030263662338,0.010311277583241463,18.742340087890625,0.34609371423721313,4.775228500366211,0.15561673045158386,64.35106658935547,15.827057838439941,34.0,119.0,61.0,53.0,77.0,87.46211242675781,18.366165161132812,48.0,137.0,86.0,75.0,102.0,80.64883422851562,13.33489990234375,47.0,134.0,79.0,72.0,90.0,118.32719366666667,train,cluster_059_biomass_118.33.png
0.9643321573765078,0.011311650447703976,0.9773445637667132,0.9515256235996437,0.3255194780224068,0.041858318264399785,0.37844763066903614,0.28361378622660366,12.246593097086278,3.8802314511888443,16.640250155844804,7.787696188340878,0.0441432805831567,0.0036087900962036307,0.04857669441374119,0.04055344817271334,0.0441432805831567,0.0036087900962036307,0.933000346363652,0.020737898770450805,0.9547829910229908,0.9061304345202287,0.25378967780573547,0.03141820882165153,0.28543765631899126,0.21389026543989625,22.997304523298713,7.108936098665343,32.17163368725885,15.522411470168363,0.037832098609969084,0.0027941805964608745,0.040623458716097995,0.03442868806264001,0.037832098609969084,0.0027941805964608745,0.8384525382563297,0.012755953637441322,0.8519363383078911,0.8175035936809921,0.17083389574134297,0.006075086428040989,0.1755725946085737,0.16047802758121565,55.39405974427959,4.314404499847134,62.456468164185246,50.761362714066045,0.030269571743961533,0.00048791915557669727,0.030600527043664012,0.02942673429512743,0.030269571743961533,0.00048791915557669727,0.9119283473321632,0.05570640658595802,0.25004768385649506,0.07014496368113435,30.21265245488819,19.088836724240796,0.037414983645695774,0.0062601850900216105,0.037414983645695774,0.0062601850900216105,171.85608262074385,81.93451052295919,0.0928691178560257,0.0928691178560257,0.8308494687080383,1.2061421871185303,0.08907563239336014,0.053407203406095505,18.75497055053711,0.18439815938472748,4.0031538009643555,0.0928691178560257,68.25238800048828,12.42240047454834,38.0,117.0,67.0,59.0,76.0,81.93450927734375,13.10938835144043,50.0,126.0,81.0,72.0,91.0,72.90234375,9.356048583984375,50.0,122.0,72.0,66.0,79.0,169.57312866666666,train,cluster_060_biomass_169.57.png
0.9336707033789776,0.02399129856614894,0.96140013084662,0.8978051623049716,0.1821466960757427,0.029869024811394546,0.22432351216213062,0.1444563300822794,48.891737413208375,17.68541789026027,75.3268314263306,28.43697950032049,0.025002127184477106,0.002202677785622724,0.028019605013677253,0.022135057749834618,0.025002127184477106,0.002202677785622724,0.8757506365361574,0.04170182048352106,0.9273953257661125,0.8155900429111718,0.13792434544568904,0.020272305562052884,0.16650341596203427,0.11120251274234945,91.59768216972425,30.782477582800695,136.07028233590736,53.517424440467884,0.02153302321963436,0.0016919765306567388,0.02390942930816362,0.01933463699584211,0.02153302321963436,0.0016919765306567388,0.7003428199707129,0.04801844286826731,0.7617446468706709,0.6436617809851382,0.08939986868754177,0.006409906445458474,0.09619619101242692,0.08206653321305862,220.97158957921783,35.53981960209505,263.08821509370654,175.67476260044253,0.017530384991940654,0.0005689368776187712,0.018235694951602228,0.016876889108581452,0.017530384991940654,0.0005689368776187712,0.8365880532952826,0.10668006307188023,0.13649030340299115,0.04339079636199048,120.48700305405016,78.69993808111157,0.02135517846535071,0.0034640617781773503,0.02135517846535071,0.0034640617781773503,368.52334911055686,95.83127391581633,0.10584504157304764,0.10584504157304764,0.8091555237770081,1.2378579378128052,0.09791705757379532,0.050436925143003464,18.751394271850586,0.222372904419899,4.091333389282227,0.10584504157304764,77.63763427734375,16.180892944335938,37.0,127.0,78.0,66.0,90.0,95.8312759399414,19.196962356567383,51.0,151.0,97.0,82.0,110.0,89.05606079101562,15.559502601623535,50.0,146.0,89.0,78.0,100.0,100.88045866666666,train,cluster_061_biomass_100.88.png
0.9456805973587115,0.017231576483383696,0.9660068826883157,0.9283556144817757,0.2686249304579649,0.037337128290792554,0.32003097906692024,0.2324230543357936,17.53085857041614,5.5657587321082955,23.126545878662668,10.965406790518974,0.039726459341182796,0.0032773763395352227,0.04410950296176022,0.03655863459492584,0.039726459341182796,0.0032773763395352227,0.8975170209433554,0.032196687268248377,0.9288519962169774,0.8545805355293283,0.20549910017093495,0.028688479948086893,0.23356830454298902,0.16644370950072584,33.07965787270122,10.392236674064883,46.942426801801766,22.96667940236113,0.0340890913834588,0.0025506637237180762,0.036571280550241746,0.030746101148979483,0.0340890913834588,0.0025506637237180762,0.7516191847390413,0.020785149868765705,0.7658763131340572,0.7157440463892012,0.1341338251906562,0.0066158387538544665,0.13899190056025706,0.1227611794853181,80.22197469492082,6.686864523053524,91.76573610212722,75.64972404837391,0.027501230757085507,0.0005430092053378043,0.027889260033368758,0.026564677468623357,0.027501230757085507,0.0005430092053378043,0.8649389343470361,0.08599901138502697,0.2027526186065187,0.0614168890795753,43.610830379346055,27.779709756814857,0.03377226049390903,0.005550393973556961,0.03377226049390903,0.005550393973556961,161.2140019931976,79.64861686862245,0.11623281985521317,0.11623281985521317,0.7923489212989807,1.2642576694488525,0.09781436622142792,0.03446543961763382,18.750858306884766,0.23573553562164307,4.253262042999268,0.11623281985521317,63.16950225830078,10.786116600036621,35.0,110.0,63.0,56.0,70.0,79.64862060546875,12.697007179260254,47.0,128.0,79.0,70.0,88.0,71.18506622314453,9.342622756958008,47.0,114.0,71.0,64.0,77.0,201.0476503333333,train,cluster_062_biomass_201.05.png
0.9486445027395092,0.016745237072961335,0.9708708760722482,0.9321057965795577,0.2071615993607424,0.032824084109516136,0.2575249367711987,0.1774235314282962,40.53650672807383,13.187507954808506,53.542259044019346,22.94897101217202,0.026714997027706532,0.002397615276103039,0.03035848637519842,0.024558668365055818,0.026714997027706532,0.002397615276103039,0.9038953531070902,0.03206555408627629,0.9328026576395606,0.8547195068412702,0.15783612908430872,0.022345566292512876,0.1784619762805239,0.12395175578089868,75.8487294123016,25.530458220397577,115.27374919562655,52.992881417281986,0.022993428323859554,0.0017295219176055342,0.02456364456756126,0.02039277091033006,0.022993428323859554,0.0017295219176055342,0.7708859203704252,0.029316223446037317,0.7972770388639442,0.721192703830572,0.10322909381636228,0.007377049771800216,0.11278245375370868,0.09204768120295662,180.34092984279607,24.243901961739027,221.38372656751974,158.30015756300668,0.018712330956157267,0.0005929446044778564,0.019366921028976435,0.017748819927959642,0.018712330956157267,0.0005929446044778564,0.8744752587390082,0.08013616206703235,0.15607560742047114,0.04843138687207179,98.90872199439049,63.20275493304902,0.022806918769241114,0.003704272273423792,0.022806918769241114,0.003704272273423792,395.9748505124049,88.33284837372449,0.10344461351633072,0.10344461351633072,0.8163044452667236,1.2373073101043701,0.09194724261760712,0.05439673736691475,18.75387954711914,0.21690800786018372,4.013895511627197,0.10344461351633072,73.00286865234375,22.109050750732422,29.0,178.0,69.0,58.0,84.0,88.33284759521484,19.89911651611328,41.0,176.0,87.0,74.0,102.0,80.21627807617188,16.737577438354492,36.0,170.0,79.0,70.0,89.0,241.467141,train,cluster_063_biomass_241.47.png
0.9708630323867501,0.00929382416034678,0.9812022325703151,0.961481074100744,0.28934024966774696,0.0373867490586696,0.33503140916730373,0.24900393797430373,26.3735952658051,8.418948411128268,34.87124213235754,16.994394618834164,0.0360821606225692,0.0029720843543571,0.03937782559003824,0.03299856887829456,0.0360821606225692,0.0029720843543571,0.9445797100776622,0.017269515588094926,0.9617206272661329,0.9234330954600989,0.2264614287650678,0.026666671789881757,0.25615021586529063,0.19360773269632728,50.1761506288635,15.651465857456511,69.43607223294751,34.65486939210542,0.030906463314679333,0.002225637574454517,0.03324292913240063,0.02839913325466673,0.030906463314679333,0.002225637574454517,0.862785531162109,0.009222706075448336,0.8698892305092284,0.8472689730969779,0.15127379388481865,0.0049795974703950256,0.15673786440444207,0.1436404805637006,124.33995576799788,8.498740834880898,138.70994263088497,117.9197102507928,0.02443943923738971,0.000298606991436218,0.024741865923845422,0.02394461815996425,0.02443943923738971,0.000298606991436218,0.9260760912088405,0.04769213298462716,0.22235849077254444,0.06242355601581227,66.9632338875555,43.241526388180084,0.030476021058212746,0.005225907117055011,0.030476021058212746,0.005225907117055011,452.17434870288156,78.43720105229592,0.11031576991081238,0.11031576991081238,0.802539587020874,1.2505006790161133,0.08678143471479416,0.0404016450047493,18.755348205566406,0.23457270860671997,3.7312233448028564,0.11031576991081238,63.38544464111328,19.109989166259766,29.0,124.0,60.0,47.0,78.0,78.43720245361328,21.26439094543457,43.0,136.0,74.0,60.0,95.0,71.35969543457031,15.659407615661621,38.0,120.0,67.0,59.0,83.0,255.016703,train,cluster_064_biomass_255.02.png
0.9403698772989397,0.018760973651557527,0.9598142179524016,0.9189278070925275,0.30376364384375254,0.039521851596213416,0.3466239283439695,0.25703800519741515,12.175229902320638,3.828407805780948,16.55072492911594,8.205437219731001,0.048922543321938176,0.0038608052233122716,0.053001360057031634,0.04455826787773439,0.048922543321938176,0.0038608052233122716,0.8883736323041505,0.033448873957931585,0.9245156072105034,0.8526464255737961,0.23486300643806324,0.03035617973306042,0.2723785535945013,0.20338018841868605,22.785131308571565,6.8257977329718305,30.093649453024494,15.410424500794333,0.04206900855944753,0.0030390893752076267,0.04560847658467948,0.03890096604165447,0.04206900855944753,0.0030390893752076267,0.7319566163698414,0.015764996886287148,0.7560723842814748,0.7143119411968846,0.15582988555805027,0.005494826402684769,0.1649896759839097,0.150848789814046,54.657887065514835,3.2277257533512462,58.321832579183045,49.736506777048,0.034079231564222455,0.0004640667316508551,0.034853404707020356,0.03363042143542654,0.034079231564222455,0.0004640667316508551,0.853566708657644,0.09175086374594973,0.23148551194662204,0.06701486686450127,29.872749425469014,18.702994503883257,0.04169026114853605,0.006701600940684733,0.04169026114853605,0.006701600940684733,102.15633860234169,82.74286511479592,0.10524959862232208,0.10524959862232208,0.8098742365837097,1.2358767986297607,0.09948628395795822,0.04352663829922676,18.750564575195312,0.20729033648967743,4.4287109375,0.10524959862232208,67.03011322021484,8.578990936279297,43.0,102.0,67.0,61.0,73.0,82.74286651611328,10.107242584228516,55.0,125.0,82.0,76.0,89.0,73.08661651611328,7.3717451095581055,51.0,107.0,73.0,68.0,78.0,192.37494466666664,train,cluster_065_biomass_192.37.png
0.9750466866029871,0.008076430460803048,0.9844099635120449,0.9656753396446236,0.2972731134920823,0.03868276908642405,0.34174525103658365,0.258576437505143,23.12827143654347,7.480056909356023,31.808461863299545,14.457599295323577,0.03557327633093114,0.003013063673765714,0.0386879852172497,0.03234213131153419,0.03557327633093114,0.003013063673765714,0.9525706817918582,0.015021290321445068,0.9685153645180331,0.9328182207179125,0.2324407634587471,0.026551452176002358,0.2590757185372024,0.20186889233925187,43.954226064698375,13.91812611391914,62.238919723295346,29.176556938607632,0.030445585407329313,0.002127380229554114,0.03278845706573887,0.02820193721591779,0.030445585407329313,0.002127380229554114,0.8813819303292427,0.010182698779241436,0.8925404068559265,0.864998316408903,0.1548726336861955,0.0031032743175396327,0.1575900121169779,0.14959727104196258,109.85252979542753,9.413497098413448,124.98907159016143,99.48796769742859,0.02405211577812818,0.00025475562005800696,0.024424985416328582,0.023726428298816913,0.02405211577812818,0.00025475562005800696,0.936333099574696,0.041539487818366756,0.22819550354567497,0.06423121831945827,58.97834243222312,38.459563251111014,0.030023659172129544,0.005173805905162135,0.030023659172129544,0.005173805905162135,463.85057588320683,69.87274792729592,0.14146870374679565,0.14146870374679565,0.7571733593940735,1.3464850187301636,0.0785214826464653,0.02232631854712963,18.75783920288086,1227.666259765625,3.1527535915374756,0.14146870374679565,53.975685119628906,20.396577835083008,10.0,126.0,51.0,37.0,71.0,69.87274932861328,21.537189483642578,19.0,134.0,66.0,51.0,89.0,65.74683380126953,17.011877059936523,25.0,128.0,61.0,52.0,80.0,221.36348866666663,train,cluster_066_biomass_221.36.png
0.9667069087000486,0.010726139653814783,0.9795687706029578,0.9552461390419553,0.2791631914479554,0.03696043752695119,0.33000481098833656,0.2428183642744151,27.961239516393306,9.00248643809581,37.58010416457216,17.16057415118519,0.032076620117110925,0.0027206240315253765,0.03560193291548433,0.029212553765627293,0.032076620117110925,0.0027206240315253765,0.9370908108540568,0.019861128629302425,0.9569940924699504,0.910065498481921,0.21901066975652855,0.0258576555383146,0.244957416548239,0.1842167662539396,52.822817667454416,16.687066225520766,75.57189108751611,36.112027187355764,0.027522870235827786,0.001961633852518037,0.029653408704387593,0.02502083152564114,0.027522870235827786,0.001961633852518037,0.845132869181271,0.013454640124575529,0.8559737499234524,0.822143343216727,0.14721979203265675,0.005814033874137703,0.15332433220157704,0.13763414465063886,129.92356885235722,11.453067360559064,149.5009494182176,120.78530557584708,0.0218758632010031,0.00040290137668292937,0.022212689454796267,0.02121264359343182,0.0218758632010031,0.00040290137668292937,0.9163101962451253,0.05393952261848055,0.21513121774571356,0.05998777883452667,70.23587534540165,45.25356656883366,0.02715845118464727,0.004605759246481407,0.02715845118464727,0.004605759246481407,420.26964629426294,83.45270647321429,0.14214523136615753,0.14214523136615753,0.7523641586303711,1.3342350721359253,0.09182923287153244,0.019340749830007553,18.752544403076172,0.333575576543808,3.5175132751464844,0.14214523136615753,63.13185501098633,17.3698673248291,33.0,125.0,61.0,50.0,78.0,83.45270538330078,20.500478744506836,47.0,138.0,82.0,67.0,101.0,80.35710144042969,15.184721946716309,47.0,130.0,79.0,69.0,93.0,128.968653,train,cluster_067_biomass_128.97.png
0.9805400342397019,0.006691987855189615,0.9867782795106809,0.9707703948747984,0.28344685152194393,0.03235402072145351,0.31528320735406484,0.24289708607690658,42.73420209858939,14.697472750006899,64.19053268716547,29.037015534914122,0.040092285677809834,0.0030186528304748774,0.0431793891136845,0.036627655839889556,0.040092285677809834,0.0030186528304748774,0.9631229736068858,0.011502055178949635,0.9779163192354006,0.9517169063213347,0.22630615777319585,0.026162332904845893,0.26049667218246947,0.19945889727540667,80.98462793532084,25.25892530062181,106.00579150579273,48.497596975608545,0.03481131804773204,0.0023071070700385996,0.03755672061171627,0.03237246625916267,0.03481131804773204,0.0023071070700385996,0.9093831769626269,0.009437053401241687,0.9255299169979508,0.9016636439173145,0.15602121532615915,0.005242001778398514,0.16482414534392714,0.151145366504404,199.02244192589006,20.718484133812485,215.99336498662342,163.5741822904078,0.028107868020516825,0.0004264442544287871,0.028739264137349105,0.0275378745030572,0.028107868020516825,0.0004264442544287871,0.9510153949364049,0.031715807375078967,0.22192474154043293,0.057463526097778696,107.58042398660011,69.65940018629317,0.03433715724868623,0.00537795619893336,0.03433715724868623,0.00537795619893336,1097.8211741544762,83.36104910714286,0.1026647537946701,0.1026647537946701,0.818092942237854,1.23684561252594,0.07813438028097153,0.058730851858854294,18.759389877319336,0.25340741872787476,3.4017844200134277,0.1026647537946701,70.24101257324219,34.02824401855469,18.0,176.0,61.0,40.0,95.0,83.36104583740234,33.133384704589844,27.0,180.0,75.0,53.0,110.0,76.55682373046875,23.752397537231445,17.0,167.0,69.0,58.0,93.0,252.77424166666663,train,cluster_068_biomass_252.77.png
0.9659981858018807,0.011356403242000298,0.9794401831457518,0.9508105135937132,0.27149137714649313,0.034161092897494166,0.3172391730721289,0.22932951527486647,32.425730674542,10.825687834138375,46.90462305696914,19.61338885329932,0.03811128590601469,0.0027451132881436482,0.04143783825018336,0.03488994788768158,0.03811128590601469,0.0027451132881436482,0.9361473377557632,0.02043308841590344,0.9596948401149061,0.9078082872771939,0.21624469694188025,0.025320091642237388,0.24981112546635767,0.18347605620640026,60.8859679753237,19.47950171112713,87.89205276705297,38.43346940417089,0.0334033698596789,0.002086737648454466,0.03597372266383067,0.030943671099392757,0.0334033698596789,0.002086737648454466,0.8455378471406636,0.017702500529636147,0.8679142587814855,0.8206230765157687,0.15101064289956143,0.007676207625656874,0.15992762178418743,0.14047520584349513,147.20716911280505,16.853564709626973,170.92113768582928,125.87456375294346,0.027033113040961978,0.00042436746378138893,0.027612232852696376,0.026425338705602902,0.027033113040961978,0.00042436746378138893,0.9158944568994359,0.05394587686273235,0.21291557232931158,0.0552009653919314,80.17295592089025,51.400584654309874,0.03284925626888519,0.004962987290728064,0.03284925626888519,0.004962987290728064,477.05491608274525,84.58165258290816,0.11978953331708908,0.11978953331708908,0.7875552177429199,1.2752370834350586,0.09938811510801315,0.036913465708494186,18.75033187866211,0.26492244005203247,4.2532219886779785,0.11978953331708908,67.13899230957031,19.558399200439453,34.0,118.0,68.0,51.0,83.0,84.58164978027344,21.84158706665039,47.0,141.0,86.0,66.0,102.0,76.68034362792969,13.832313537597656,45.0,128.0,78.0,65.0,87.0,246.330675,test,cluster_069_biomass_246.33.png
0.9725582286241379,0.00897019369091609,0.9844633971225301,0.9629412714773593,0.40915431058814544,0.041527949309180225,0.46792362032356066,0.3683834557267702,14.252026205247137,4.638115899296519,19.233344728428804,8.125100096092421,0.08359237786175328,0.004803701159345492,0.0889186090190893,0.07842013569944058,0.08359237786175328,0.004803701159345492,0.9485783542504622,0.017352869332342476,0.9648941290036525,0.9218066128772687,0.3423451551394283,0.02940232494749791,0.37169268924730525,0.3007792307071922,26.657921833518817,8.87259865230199,40.18989301801845,18.218906473084708,0.07500549718277466,0.00381684977208998,0.07920438025122298,0.07119042840270196,0.07500549718277466,0.00381684977208998,0.8754975094991423,0.016709862063374888,0.891033167527889,0.8475263055708954,0.2555381925915819,0.007608715621703863,0.26480477402747327,0.2439414816288276,64.24891309788896,8.014932329484038,77.74852537167612,57.20269069165448,0.06249648727645256,0.0004369819618030459,0.0631999231726508,0.062042141167496304,0.06249648727645256,0.0004369819618030459,0.9322113641245808,0.04386728122529219,0.3356792194397185,0.06955230104473452,35.052953712218304,22.509505074010605,0.07369812077366016,0.009361570196857918,0.07369812077366016,0.009361570196857918,260.9999140870914,58.074876434948976,0.15506304800510406,0.15506304800510406,0.7334533929824829,1.3709081411361694,0.07954815775156021,0.00832484383136034,18.75693130493164,0.34412920475006104,3.2947998046875,0.15506304800510406,42.99836730957031,15.781270980834961,29.0,156.0,40.0,33.0,47.0,58.07487487792969,16.15549087524414,40.0,149.0,55.0,45.0,65.0,52.866607666015625,10.286130905151367,36.0,131.0,52.0,45.0,59.0,189.37882733333333,train,cluster_070_biomass_189.38.png
0.9516842377002827,0.015354109882178132,0.9685905193393943,0.9348022149301016,0.2522828290748968,0.033658785424448244,0.2920680583295502,0.21612354432129993,23.488453646442537,7.45663410376405,31.688009008828207,15.284493113388963,0.03389055913517801,0.002727907565182519,0.037083698817588114,0.03106674416955299,0.03389055913517801,0.002727907565182519,0.9088941539943614,0.027923151397107757,0.9380308213914832,0.8749035803112488,0.19420633746526933,0.02508938370661429,0.22188031968666028,0.16482530763126163,44.28271392910665,13.56741399671264,60.74829070141581,30.11892457117615,0.02906038811757207,0.0021421536267901544,0.031305100411822794,0.026577572745934867,0.02906038811757207,0.0021421536267901544,0.7792560613993676,0.014931612143587436,0.7949858519547109,0.7547857563138826,0.12729826194459623,0.003934626368699467,0.1316103825231568,0.12089453000203176,107.18712950502866,7.193671551182388,118.92586457658999,99.52481535589827,0.023340420836045928,0.00034060310468379666,0.02370716079571667,0.02278660606843585,0.023340420836045928,0.00034060310468379666,0.879944817698004,0.07607285590067686,0.1912624761615875,0.056572793181662015,58.319432360192614,36.92200514513722,0.028763789362932002,0.004758535405533875,0.028763789362932002,0.004758535405533875,243.36016525243136,75.69806281887755,0.11571165919303894,0.11571165919303894,0.7935715317726135,1.2636902332305908,0.08830611407756805,0.03387663885951042,18.7545108795166,0.24163958430290222,3.782912254333496,0.11571165919303894,60.24043273925781,13.584820747375488,31.0,117.0,60.0,50.0,69.0,75.69805908203125,15.600005149841309,43.0,131.0,75.0,64.0,86.0,68.63763427734375,11.549552917480469,37.0,125.0,68.0,60.0,76.0,173.85210733333335,train,cluster_071_biomass_173.85.png
0.9610668211827915,0.014516385702914603,0.9744233342725193,0.938067414072744,0.24602880254050105,0.032458551342837386,0.28001999573707675,0.2006252345928055,35.29341030618113,13.162272285965773,56.14617225361485,23.174847853939898,0.0304272049706042,0.0024768641294472048,0.03297846797592262,0.027188162342782287,0.0304272049706042,0.0024768641294472048,0.9265080237412238,0.023489597877723773,0.9592159393779947,0.9009232553689063,0.191467948761719,0.026125179475533486,0.23014536422379261,0.1657867477821533,66.62555240584015,21.300090144185273,89.89004182754236,36.97367733113512,0.026095962406176627,0.0020183359729320327,0.028860262084934314,0.024057775476975556,0.026095962406176627,0.0020183359729320327,0.8186695322540734,0.027585696286590227,0.8634028577028814,0.7901889226781856,0.127470863636565,0.007235161203673624,0.139776178520448,0.12172403112588467,164.43479446577737,25.046875707452166,190.2649135622142,123.87263614966422,0.020666703102359556,0.0005189003162244082,0.021542341371746616,0.02027709357474475,0.020666703102359556,0.0005189003162244082,0.9020814590593629,0.06469656570563094,0.18832253831292833,0.05425637586022908,88.78458572593287,58.67869551615974,0.02572995682638013,0.00440879545303924,0.02572995682638013,0.00440879545303924,453.0979525313085,88.81291852678571,0.0897878035902977,0.0897878035902977,0.8360245227813721,1.19867742061615,0.07143060863018036,0.060652028769254684,18.762027740478516,0.19749018549919128,2.8811511993408203,0.0897878035902977,74.4851303100586,18.819766998291016,38.0,122.0,76.0,58.0,90.0,88.81291961669922,21.28609848022461,50.0,141.0,89.0,70.0,107.0,84.9259033203125,15.434288024902344,51.0,136.0,85.0,72.0,97.0,179.92145833333333,test,cluster_072_biomass_179.92.png
0.9701886077948791,0.009761155817699417,0.981978979302946,0.9580402538004203,0.29019192370191804,0.028424412490904476,0.3254259706430012,0.25791287390926165,55.50976123176956,18.165038612485045,78.12145830400729,33.583880525305005,0.06496163306405761,0.00341737727140492,0.06855295707807373,0.06146423462042643,0.06496163306405761,0.00341737727140492,0.944114380123434,0.017710144634047353,0.9634951463904959,0.9193868202215959,0.24289103459545255,0.020087716076363588,0.2669883143577635,0.21871747128086746,104.04764877498197,32.93922907901184,149.94067728442747,67.96541253594539,0.058663551921246615,0.002884935895722046,0.061629852581723404,0.055681043160583726,0.058663551921246615,0.002884935895722046,0.8659149271892171,0.01404416340371905,0.8814909642181017,0.8441774795890361,0.1828090359956254,0.003975746940363002,0.18847132338097283,0.17777240326622898,249.52128476221978,25.935107894237607,289.60358758881455,220.496428861308,0.04917924124847061,0.0004100415997016559,0.04969682568655407,0.04871348764123553,0.04917924124847061,0.0004100415997016559,0.9267393050358433,0.04653138008033417,0.238630664764332,0.04837367927247728,136.35956492299042,86.55232864311154,0.05760147541125827,0.006985781085676428,0.05760147541125827,0.006985781085676428,931.6304579754265,77.57310267857143,0.07027089595794678,0.07027089595794678,0.8798820376396179,1.167129397392273,0.0693722814321518,0.08863620460033417,18.76398468017578,0.17098776996135712,3.5722103118896484,0.07027089595794678,71.5538101196289,37.35655975341797,27.0,188.0,66.0,36.0,96.0,77.57310485839844,30.522621154785156,38.0,177.0,75.0,47.0,101.0,65.9024658203125,19.742351531982422,30.0,163.0,64.0,48.0,80.0,202.231493,train,cluster_073_biomass_202.23.png
0.9569323598397479,0.014104896079094879,0.9737225713683233,0.9392943667373904,0.22445417766071737,0.0304721351296522,0.26076678801261466,0.19281392617510307,52.34706625535455,17.159017445814825,73.8039172313937,31.930012812300458,0.029387600754867196,0.002439653679830275,0.03195191127951452,0.02670894135023753,0.029387600754867196,0.002439653679830275,0.9188120490925583,0.02596270126112377,0.9472958579166915,0.8827844210075386,0.17391653637088794,0.020605274106641046,0.19581612163948972,0.14968337022056588,98.6899087174518,31.535714305592077,142.40725546975722,64.07327716222012,0.02515756770260603,0.0018080542428209514,0.02720310195773916,0.02326856882878867,0.02515756770260603,0.0018080542428209514,0.8039918775195881,0.020343701946554594,0.8255078960449483,0.772210344448382,0.11464778635355015,0.002346715762159534,0.1168805327948194,0.11071152998888652,238.40974383707794,24.5274042682082,276.63881706523125,212.34144955767496,0.01992763924896597,0.0002510415573121363,0.0203170430219548,0.01961580397946923,0.01992763924896597,0.0002510415573121363,0.8932454288172983,0.06822206347333011,0.1710061667950518,0.04966575808271146,129.8155729366281,82.97268058558664,0.02482426923547973,0.0042503356626208385,0.02482426923547973,0.0042503356626208385,607.0757826547333,80.00324856505102,0.10207322239875793,0.10207322239875793,0.8169718384742737,1.2312394380569458,0.10103581100702286,0.045606132596731186,18.750062942504883,0.2008603811264038,4.635555744171143,0.10207322239875793,65.45201110839844,21.339704513549805,30.0,166.0,62.0,47.0,80.0,80.00325012207031,24.638906478881836,32.0,174.0,76.0,59.0,98.0,68.79035949707031,19.501323699951172,18.0,154.0,64.0,54.0,81.0,214.047554,train,cluster_074_biomass_214.05.png
0.961902255613852,0.012422151073066027,0.9776886001625028,0.9477097177937279,0.32831167829245167,0.03654089603703295,0.3759463665593159,0.28920496498139603,24.01440104473416,7.843607997930123,32.97464256268996,14.04776585522113,0.05736368798606324,0.003989730611856375,0.061454266271751365,0.05325947340028207,0.05736368798606324,0.003989730611856375,0.928446637255963,0.0232991371490215,0.9520132558136728,0.8942303068719671,0.2673477957839181,0.026295906136759504,0.2966051453599151,0.2338588482429529,45.12363137882796,14.701693475943129,66.7297699485204,30.26053208389523,0.05015928605103209,0.003222115069616927,0.0534914405031955,0.046691941237684206,0.05015928605103209,0.003222115069616927,0.8261513829883901,0.01962449081332252,0.8416181662057288,0.7935291881300511,0.18961011024519156,0.005385550026954073,0.19346867517439417,0.18036924379771108,109.83361798525482,12.396129836315716,130.41816822881498,100.05858112474742,0.0401030535311203,0.00043471456656138196,0.04069058364251296,0.03949260551235939,0.0401030535311203,0.00043471456656138196,0.9055000919527351,0.06078992759268045,0.26175652810718714,0.06250779101458472,59.65721680293898,38.43016466469429,0.04920867585607189,0.007677004475252531,0.04920867585607189,0.007677004475252531,314.49305478159164,64.57866310586735,0.12668298184871674,0.12668298184871674,0.7768243551254272,1.2935181856155396,0.08126837015151978,0.024777190759778023,18.756900787353516,0.27073273062705994,3.5096254348754883,0.12668298184871674,50.64060592651367,16.02391242980957,29.0,125.0,48.0,36.0,62.0,64.57866668701172,17.73395347595215,41.0,135.0,62.0,49.0,77.0,57.79328918457031,11.827224731445312,37.0,107.0,57.0,47.0,67.0,189.1661863333333,train,cluster_075_biomass_189.17.png
0.9439959679183589,0.017872444811780717,0.9666029578241926,0.9262176698606227,0.2969745555325274,0.038471303676335916,0.3456733108819882,0.25814249396359007,20.897361758768533,6.668103436371839,27.533089344246353,12.480040839205758,0.041857117752017774,0.003495330216046929,0.04611603498040319,0.038269179289389416,0.041857117752017774,0.003495330216046929,0.8957314232454201,0.033106558181605975,0.9267678593513069,0.8476642312110342,0.23355982784825668,0.026214351259511215,0.2604818104788996,0.2009772836946777,38.90376718725913,12.312463707572004,56.69490025740034,27.328158619719282,0.03590841799123383,0.0025378882360728725,0.038552407204006184,0.0328247209261215,0.03590841799123383,0.0025378882360728725,0.753611211214579,0.025836390270516978,0.7726273444554214,0.709094917869359,0.15849650284826033,0.004636761867624061,0.16204353935353577,0.1506788505567549,91.955543417285,9.401556098633918,108.1737233354787,85.22624434388422,0.028826731106767586,0.0004376038973307921,0.029220676106149354,0.028089407429094916,0.028826731106767586,0.0004376038973307921,0.8644462007927859,0.08499865302626396,0.22967696207634813,0.06271478689710601,50.585557454437556,31.695312740430417,0.035530755616673064,0.005886683802024768,0.035530755616673064,0.005886683802024768,186.57010359090845,66.3705755739796,0.1679602712392807,0.1679602712392807,0.7132760882377625,1.4060195684432983,0.11566681414842606,-0.0010247582104057074,18.742618560791016,0.3378851115703583,5.0625901222229,0.1679602712392807,47.22090148925781,9.526659965515137,25.0,124.0,46.0,40.0,53.0,66.37057495117188,13.659066200256348,39.0,124.0,65.0,56.0,75.0,56.025211334228516,8.229190826416016,36.0,110.0,56.0,50.0,61.0,173.42755166666666,train,cluster_076_biomass_173.43.png
0.9716066216750825,0.009342904062155613,0.9830949593091188,0.9600266582507396,0.27318648700221926,0.031067242258263295,0.3130177398803654,0.24002859822414332,47.8244710437725,15.749986740508014,67.34311970882257,28.45898062139738,0.04522772510676289,0.0032490231570548173,0.04870622365200319,0.041699710117856705,0.04522772510676289,0.0032490231570548173,0.9465942897943095,0.017301762685204617,0.9652073677314389,0.92170947152536,0.2205228903388652,0.02292233662537172,0.24584508689649406,0.1919739043568184,89.9595652387044,29.14372014540412,131.90071991634653,58.6161193669703,0.039416901821434286,0.002592868328342943,0.042279560686646366,0.03649208940003302,0.039416901821434286,0.002592868328342943,0.8705022250136927,0.015159504749968454,0.8856426729809331,0.8465506106998473,0.15511988953175054,0.00365604382928078,0.1582943313541019,0.14895620103169752,218.24551403012245,25.583271051224408,258.6551187782167,192.81338771204935,0.031316521891485004,0.0004619361773135148,0.03201696837537982,0.0307203935932928,0.031316521891485004,0.0004619361773135148,0.9295677121610283,0.04532239131518085,0.21627642229094501,0.05323182998242048,118.67651677086644,76.39935245831322,0.0386537162732274,0.006194808805093181,0.0386537162732274,0.006194808805093181,841.2826721115143,75.27471301020408,0.09959068894386292,0.09959068894386292,0.8241742849349976,1.2299163341522217,0.08187361061573029,0.057678379118442535,18.75794219970703,0.22077204287052155,3.8338522911071777,0.09959068894386292,64.27336120605469,32.05183792114258,27.0,197.0,58.0,37.0,81.0,75.27471160888672,29.004873275756836,38.0,189.0,71.0,49.0,95.0,65.39830017089844,20.80543327331543,30.0,182.0,62.0,49.0,77.0,149.98541866666665,train,cluster_077_biomass_149.99.png
0.9624919409886,0.01194488197305701,0.9757474401114521,0.950097832398921,0.26629421456107855,0.03615540836660921,0.3066366996045714,0.2300405830265299,23.426729436043722,7.463514964743137,31.170463914416825,15.145579756566379,0.03390288994979238,0.0028116520043322026,0.037089369436156885,0.03107665443871661,0.03390288994979238,0.0028116520043322026,0.9291532291965249,0.0216998219757665,0.9510833670597437,0.9029829930205541,0.205530877756736,0.024862629844262914,0.23049587724657625,0.17727561451783197,44.253691450207846,13.555730838850238,60.611888674388574,30.55579239478021,0.02900360907299632,0.002110140376302754,0.031132845045157273,0.026628586590145505,0.02900360907299632,0.002110140376302754,0.8260258806599842,0.010847607163760532,0.8358823029091793,0.8081556756277732,0.1345107457735514,0.003356176418702348,0.1372433761161824,0.12878995459837678,108.72280536557433,6.799237898316811,119.94564075628986,102.57795633471453,0.023077993607572133,0.0002523406063631911,0.023321124487179455,0.022668345655561754,0.023077993607572133,0.0002523406063631911,0.9058903502817032,0.06015111019819087,0.20211194603045532,0.059547188014052024,58.80107541727529,37.59805573483053,0.028661497543453613,0.00487122524082884,0.028661497543453613,0.00487122524082884,312.1402726115807,77.8881536989796,0.11076756566762924,0.11076756566762924,0.8018236756324768,1.251558780670166,0.08995606750249863,0.039416857063770294,18.75408935546875,0.23053044080734253,3.9194953441619873,0.11076756566762924,62.81389617919922,16.267478942871094,31.0,131.0,61.0,50.0,73.0,77.88815307617188,17.667491912841797,44.0,144.0,76.0,64.0,90.0,70.02362060546875,12.06857967376709,43.0,128.0,69.0,61.0,78.0,232.899446,train,cluster_078_biomass_232.90.png
0.9707587262247612,0.009339772272289229,0.9815321972014354,0.9607667076995223,0.2909144654992342,0.037253322869391634,0.33163234230554955,0.2483791312432148,25.928426782985404,8.27828706842655,34.78483379919191,16.372797885970613,0.03611593743481663,0.002887604925118798,0.039039411120090795,0.03294179528491017,0.03611593743481663,0.002887604925118798,0.9445862904777619,0.01737263845440681,0.962222082637199,0.922081794429666,0.22811396222652558,0.026178115542442305,0.2595556522386155,0.20066079023106667,49.13973878665307,15.419688583562074,69.14888996139032,33.49363550443432,0.030973752413611298,0.0022720563466058865,0.03353020594509674,0.028662622123016707,0.030973752413611298,0.0022720563466058865,0.8643627590357152,0.010542056462278652,0.8734879798625823,0.8464099116147004,0.15261832135953812,0.0037646771622300494,0.1588717925139235,0.1488290177598815,120.27952047560979,9.44469737539636,136.37277795732248,112.14913562211072,0.024617085204326386,0.00029916035413070775,0.025085350094606693,0.024350157838922873,0.024617085204326386,0.00029916035413070775,0.9265692585794129,0.04707138529972354,0.2238822496950993,0.06238869935246595,65.11589534841609,41.750927931964455,0.030568925017584767,0.00516228722897747,0.030568925017584767,0.00516228722897747,443.580979606997,73.71075813137755,0.10696519911289215,0.10696519911289215,0.8082200884819031,1.2424238920211792,0.07947640120983124,0.04061344638466835,18.758188247680664,0.22931313514709473,3.4290971755981445,0.10696519911289215,60.04799270629883,19.088581085205078,27.0,129.0,57.0,43.0,75.0,73.71075439453125,21.061363220214844,39.0,136.0,70.0,55.0,90.0,67.10704040527344,15.730467796325684,32.0,121.0,64.0,54.0,79.0,191.104949,train,cluster_079_biomass_191.10.png
0.9614974716238887,0.013604602998365793,0.9755136035707741,0.9411479214906,0.23713374770311865,0.032862053366946704,0.2769371840869556,0.19173992024330236,43.204322023582286,15.268979502665784,66.04361640089265,27.486987508007847,0.028807688184238674,0.0024892090224265216,0.03179943363828153,0.025455635312575893,0.028807688184238674,0.0024892090224265216,0.9274988936979323,0.02295144749234853,0.9572571349959234,0.8989713534459266,0.1848519977267947,0.024909294676439837,0.22177517158941992,0.15548248552817256,81.34641947317022,25.724015805336574,113.21987612612719,47.96613645961161,0.024733847591356502,0.0019162988352661673,0.0274823625349182,0.022454640792082533,0.024733847591356502,0.0019162988352661673,0.8221882697817325,0.02265370660131985,0.8561804061177597,0.8000402178249773,0.12317014507716174,0.008143237719709246,0.1345907254408199,0.1150913383070469,199.47203523459794,25.254539495222186,223.8099951518872,161.39055271488044,0.019638655123168,0.0006673944742874712,0.02056660294097507,0.01895344919965189,0.019638655123168,0.0006673944742874712,0.9037282117011846,0.06265285157211099,0.18171863016902504,0.05252072030304197,108.00759224378349,70.25829674773561,0.02439339696625439,0.00418422520694826,0.02439339696625439,0.00418422520694826,560.8877576119401,96.25273038903062,0.10244430601596832,0.10244430601596832,0.8157384395599365,1.230970859527588,0.0935712531208992,0.05465742200613022,18.75323486328125,0.22409434616565704,3.894145965576172,0.10244430601596832,78.70741271972656,20.6749324798584,37.0,161.0,81.0,63.0,95.0,96.25273132324219,23.683069229125977,49.0,151.0,100.0,77.0,116.0,89.9373779296875,17.130924224853516,48.0,143.0,91.0,77.0,103.0,279.848074,train,cluster_080_biomass_279.85.png
0.9434077314694533,0.01859598217432129,0.9680936862968818,0.9248873299861363,0.2159642614334401,0.03403611072790853,0.2656988247361117,0.18313417293433135,30.787006580128867,10.113009232188487,40.85905608397558,17.362688180653528,0.030550030161424404,0.0027036131613675653,0.03448286407117248,0.028033775860011732,0.030550030161424404,0.0027036131613675653,0.8931041469040975,0.036743941664574564,0.9259751542544271,0.8360817791148647,0.16339256864179197,0.022683122881136275,0.18583709378989213,0.1305782871159352,58.14523444284109,19.97234441213572,89.12308960746489,40.26744957670609,0.02618708303969365,0.0019897639841156885,0.028047857788516244,0.02331079658573394,0.02618708303969365,0.0019897639841156885,0.7376438946867178,0.03791799414882276,0.7745118017929158,0.6741884914512501,0.10494006727229524,0.007016843195936316,0.11206458053295845,0.0932822391902736,142.62326228626327,20.48395932931214,176.91588558498674,122.7503232061945,0.02107444978403017,0.000615809904153101,0.02175738379496437,0.020074622640676356,0.02107444978403017,0.000615809904153101,0.8580519243534228,0.09335607069126367,0.16143229911584245,0.05128731751952876,77.18516776974441,50.72216058645878,0.02593718766171607,0.004344916185267102,0.02593718766171607,0.004344916185267102,272.12192604314384,81.41181042729592,0.08445629477500916,0.08445629477500916,0.8449351191520691,1.185643196105957,0.06863613426685333,0.05929476022720337,18.763078689575195,0.1745426058769226,2.896559715270996,0.08445629477500916,68.95140838623047,15.009271621704102,36.0,126.0,68.0,58.0,79.0,81.41181182861328,16.496118545532227,45.0,139.0,80.0,69.0,93.0,76.3699951171875,14.48024845123291,42.0,143.0,75.0,66.0,86.0,122.327419,train,cluster_081_biomass_122.33.png
0.9680246793238079,0.010061948575429719,0.9784778698166109,0.9576813280526164,0.3334325001632723,0.0414364994584741,0.3781037048146883,0.2913727327807395,12.251017793225063,3.859595268668287,16.21846407528812,8.247077194106412,0.04312889116008046,0.0035230633235978377,0.046911003026173036,0.039607614261306705,0.04312889116008046,0.0035230633235978377,0.9398160438350733,0.018185621820656347,0.9582560812848014,0.9201425588806497,0.2611667785845379,0.03097703768363929,0.29275684636313365,0.22721907601434652,23.064097606602694,6.966626714394491,30.561293436293607,15.998411389732414,0.036893677474349226,0.0027202207043331367,0.039613941055603445,0.03399239115464217,0.036893677474349226,0.0027202207043331367,0.852422992789614,0.008020718771068903,0.8613231556450388,0.8415408875069155,0.1742374513710857,0.00413384142764415,0.17848776308968742,0.16780000350936805,56.61314968331194,3.025014424305738,60.63566580478001,53.22942537131815,0.0293240709372323,0.0003345739437835412,0.029652775132436027,0.028849704256054494,0.0293240709372323,0.0003345739437835412,0.9200879053161651,0.050865724276929904,0.25627891003963205,0.07164965146301921,30.642755027713232,19.516954347946314,0.036448879857220666,0.006205019840395499,0.036448879857220666,0.006205019840395499,191.3112698780999,65.41675302933673,0.1313483566045761,0.1313483566045761,0.7689369320869446,1.3050874471664429,0.07553552836179733,0.020786121487617493,18.758943557739258,0.29280877113342285,3.0709104537963867,0.1313483566045761,50.512298583984375,11.90012264251709,20.0,94.0,50.0,42.0,58.0,65.41675567626953,13.831531524658203,29.0,115.0,65.0,55.0,75.0,61.05965042114258,9.817765235900879,34.0,99.0,61.0,54.0,68.0,285.312129,train,cluster_082_biomass_285.31.png
0.9579808951845453,0.013683218961424291,0.9755605480240536,0.9432621584713351,0.2882646641342143,0.037656770737697735,0.33701915230367685,0.25107529560260755,24.320370223576177,7.91789538709796,32.84009330571713,14.159593209481114,0.04140094841784303,0.0034196049095499476,0.045429952108503986,0.03777405798599441,0.04140094841784303,0.0034196049095499476,0.9208632608940107,0.026214046617726285,0.946082770245396,0.8816071425841739,0.22745005652182254,0.024745943106588165,0.2521077377786718,0.19563808671595395,45.78842378923338,15.126883017038168,68.38718629343639,31.207142713507466,0.03557399859531986,0.0024751137029299453,0.038258230823163895,0.032616471816840235,0.03557399859531986,0.0024751137029299453,0.8066713179159967,0.024108663816604016,0.8275715524938595,0.7662153950167065,0.15506873867919366,0.004178437923534266,0.15888247802634015,0.14849993731861574,111.77536315922748,13.741618679515453,134.8419723658585,99.94442873302384,0.028047307213112653,0.00044920038087656637,0.028495811804057535,0.027313550144528524,0.028047307213112653,0.00044920038087656637,0.8951718246648509,0.06805145925967489,0.22359448644507685,0.06038964821871823,60.62805239067901,39.30588378913971,0.03500741807542517,0.0059906330634486365,0.03500741807542517,0.0059906330634486365,289.453358689133,67.9814453125,0.1407577097415924,0.1407577097415924,0.7538325786590576,1.329042911529541,0.07801816612482071,0.01575334556400776,18.75777816772461,0.319103479385376,3.058157205581665,0.1407577097415924,51.42753601074219,13.72142505645752,29.0,93.0,50.0,39.0,62.0,67.9814453125,17.013328552246094,41.0,124.0,67.0,53.0,81.0,64.6407241821289,12.996711730957031,38.0,113.0,64.0,54.0,75.0,227.5572106666667,test,cluster_083_biomass_227.56.png
0.9712688140360056,0.009293574239831098,0.9815633132642876,0.9598368527607115,0.2615193301485855,0.03369913778375968,0.2979457472496739,0.22376383063778515,34.06296201303981,11.02788384560547,47.625791791510785,21.832218930173426,0.03185337299303367,0.00258586205058548,0.03449999975410244,0.029086906120094364,0.03185337299303367,0.00258586205058548,0.9456825199763697,0.01685620787537427,0.9644833379068035,0.9247501660043191,0.20276838901737992,0.025492949759488782,0.23227331541313123,0.17496192700983587,64.41261592403785,20.005716931295733,89.34813384813505,42.11552615174296,0.027253839679346414,0.0020219706013971783,0.029455491472259572,0.025179114868477112,0.027253839679346414,0.0020219706013971783,0.8671081232363436,0.010302086919422011,0.8808180846352026,0.8519129801541923,0.13380463772167567,0.0028777445424140314,0.13815444585507047,0.13006686203684217,157.73207687386915,12.327496000965521,176.0134130574962,141.49164028894356,0.02162163858290573,0.00026769012174314823,0.02200549910343995,0.021326448853033995,0.02162163858290573,0.00026769012174314823,0.9280198190829064,0.046077169036279925,0.19936411896254702,0.05763884309855485,85.40255160364893,54.71654586650164,0.02690961708509527,0.004595963227664723,0.02690961708509527,0.004595963227664723,592.1821199386927,77.92332987882654,0.09335947036743164,0.09335947036743164,0.831323504447937,1.2096810340881348,0.08621855080127716,0.05349799245595932,18.75609016418457,0.1896952986717224,3.9457080364227295,0.09335947036743164,65.40380096435547,23.168437957763672,21.0,157.0,60.0,46.0,81.0,77.92333221435547,24.334793090820312,28.0,171.0,73.0,58.0,96.0,68.4571304321289,18.42999839782715,20.0,144.0,64.0,55.0,80.0,179.2902006666667,train,cluster_084_biomass_179.29.png
0.9314820393788705,0.02177897676037301,0.9583808653382488,0.9083280765044156,0.24566287218442232,0.037606105263742785,0.3023378423154089,0.2113373628166966,25.13489438650381,8.00158285509192,33.64203985601992,15.260510089686411,0.03828973773291905,0.0034132429172868454,0.04337009476046961,0.035064351646339725,0.03828973773291905,0.0034132429172868454,0.8723911598031316,0.03981382788563914,0.9118524898218139,0.8166718087729945,0.18895655283951363,0.024795309583884078,0.2119400312220304,0.15211232465946747,46.829180788837604,14.598360581874758,67.22512467824993,32.34889098916204,0.033060221002085506,0.00229754507952772,0.03528050932455307,0.02967408532531227,0.033060221002085506,0.00229754507952772,0.699936370971959,0.02722389325122014,0.7200032611027496,0.6530636351502362,0.12616079986136694,0.006157302350018,0.1333773299476339,0.11635244822612972,110.30684133827279,9.870875619839541,127.29910714284453,103.00119714309122,0.027272539464026233,0.0006112432353085258,0.027978857090715792,0.026293972786332245,0.027272539464026233,0.0006112432353085258,0.8346031900513204,0.10287403195062943,0.18692674162843428,0.055418082932616894,60.75697217120472,37.82713742950187,0.03287416606634359,0.0051004513657877905,0.03287416606634359,0.0051004513657877905,183.0734675100375,78.56586814413265,0.1499517858028412,0.1499517858028412,0.7406052350997925,1.3557720184326172,0.10409016162157059,0.011656188406050205,18.747533798217773,0.3249610662460327,4.252830982208252,0.1499517858028412,58.24156951904297,12.026113510131836,34.0,172.0,58.0,52.0,63.0,78.56586456298828,13.530464172363281,46.0,159.0,78.0,70.0,86.0,72.34717559814453,9.898099899291992,42.0,151.0,73.0,66.0,78.0,129.18515333333332,train,cluster_085_biomass_129.19.png
0.9771899619452143,0.007435065178146463,0.9850269705283394,0.9677006070243653,0.2913578071458053,0.03384700026921616,0.3293501680452093,0.25422584927296743,42.70275112089756,13.91753583768496,60.464256268979234,28.002362267777638,0.03867935116965076,0.0030646032697397804,0.04176174512557014,0.03558021255469642,0.03867935116965076,0.0030646032697397804,0.956693615202659,0.013410820462735083,0.9721728016366238,0.9414652652583665,0.2324188996810326,0.0256034309044012,0.2612636057333815,0.2031063771878231,81.07757421683576,25.130817550095745,109.82965331403021,52.09312473607037,0.03330254295065238,0.0023125689003496695,0.035649531606149754,0.030958330498704435,0.03330254295065238,0.0023125689003496695,0.8934164713208143,0.008005310952646224,0.9063685355940366,0.8844664477487425,0.1593339680393902,0.003397292650231313,0.16394244612945227,0.1546028129350557,199.54201295836663,15.188025057257805,217.07928652224615,175.26580634690032,0.026409932644537344,0.0003142817706285815,0.026735687915753044,0.025981507663691696,0.026409932644537344,0.0003142817706285815,0.9424333494895625,0.037028128659826326,0.22770355828874267,0.05933294591124208,107.77411276536664,69.34038429429184,0.03279727558828016,0.0054921398162747,0.03279727558828016,0.0054921398162747,936.2074771354418,75.03238600127551,0.10370457172393799,0.10370457172393799,0.8166395425796509,1.241230845451355,0.07980864495038986,0.04952690377831459,18.75840950012207,0.23736798763275146,3.5711801052093506,0.10370457172393799,62.61553192138672,29.89682388305664,8.0,170.0,53.0,37.0,84.0,75.03238677978516,30.59750747680664,14.0,182.0,66.0,49.0,99.0,67.09803771972656,22.117740631103516,20.0,167.0,60.0,50.0,82.0,178.41062533333331,train,cluster_086_biomass_178.41.png
0.9310166534311135,0.023836160060044548,0.960697301026605,0.8977016577415715,0.21768629681521884,0.03538763755462066,0.26743648134936454,0.174577532874462,32.12319696864178,11.091881662030499,47.6281646524165,18.31458199871893,0.03212641676347611,0.002860449039944225,0.03618212201795592,0.028565166388772312,0.03212641676347611,0.002860449039944225,0.8718337500823831,0.0428983016406529,0.9211031820756911,0.8074171599086017,0.165700151826199,0.022353143934012002,0.19628743750710453,0.13583045501456717,59.68190776794616,19.968826825464543,89.6437419562424,36.73389772567351,0.02770599006998965,0.002105845746342556,0.03056101204342789,0.024861121634769712,0.02770599006998965,0.002105845746342556,0.6995384746165467,0.045333124877018086,0.7516569939862714,0.6368582883876486,0.10996569701393966,0.007136124723995314,0.11821565609965837,0.1014234495701721,139.85913863570107,21.031607244523965,168.92123868776773,115.57819982144417,0.022716334910651538,0.0007012440580545508,0.0235709952843678,0.021852655958144774,0.022716334910651538,0.0007012440580545508,0.8341296260433477,0.1054940663562909,0.16445071521845248,0.05035566058891199,77.22141445742967,49.08862866519242,0.027516247248039097,0.004375588417291838,0.027516247248039097,0.004375588417291838,233.04675622127394,116.64506935586735,0.04432317987084389,0.04432317987084389,0.9174810647964478,1.0955827236175537,0.08333748579025269,0.1313878297805786,18.760164260864258,0.08713424205780029,4.0790910720825195,0.04432317987084389,107.24925994873047,17.820016860961914,52.0,183.0,106.0,95.0,117.0,116.64507293701172,15.265869140625,62.0,176.0,117.0,106.0,127.0,104.7898178100586,16.353639602661133,59.0,165.0,104.0,93.0,115.0,129.48620266666668,train,cluster_087_biomass_129.49.png
0.9625424768619435,0.012062174580910516,0.9759483691714388,0.9479703976783338,0.24982161151030344,0.032552951755642316,0.2871114031252202,0.21331256435566293,32.56228638685995,10.492379045875419,45.23674314786177,20.901605541319928,0.03170592797143963,0.002532767346405036,0.03435863942233511,0.029008412747710727,0.03170592797143963,0.002532767346405036,0.9293528745295336,0.02177765779115613,0.9533982688689636,0.9024442258999905,0.1931329688306572,0.024851595016471363,0.22190820521557775,0.16436084617876098,61.42539537689565,18.936295000488496,84.825550997426,40.51804781918027,0.027164378611137262,0.002018179057251508,0.029346610771663437,0.02504129642518568,0.027164378611137262,0.002018179057251508,0.828403625409978,0.012767303196523973,0.8458375322818911,0.8099164998412751,0.1272603429260085,0.004084077504550674,0.13321811304603773,0.12195498885539885,149.3052455334517,11.086326720204696,165.35528442143934,134.17044071098437,0.021582872748121533,0.000284624650438831,0.021995164481446696,0.0212466311940498,0.021582872748121533,0.000284624650438831,0.906766325600485,0.059286340440874254,0.1900716410889897,0.05543364201679865,81.09764243240244,51.596301992829275,0.02681772644356614,0.004545596530155245,0.02681772644356614,0.004545596530155245,434.3249081965537,82.21097735969387,0.10894356667995453,0.10894356667995453,0.8047574758529663,1.2468547821044922,0.11271525174379349,0.041362762451171875,18.74538803100586,0.20977629721164703,5.19870662689209,0.10894356667995453,66.25605773925781,17.81675910949707,31.0,159.0,64.0,52.0,79.0,82.21097564697266,20.840463638305664,40.0,166.0,80.0,64.0,98.0,69.42350769042969,15.880038261413574,30.0,139.0,66.0,57.0,80.0,199.7199933333333,train,cluster_088_biomass_199.72.png
0.9597064707258411,0.014510043264578226,0.9732257991864267,0.937367244506814,0.22941248694540994,0.031797351704103756,0.2627245001428906,0.18544302146682523,42.53565074938336,15.325944601937532,66.1282149248931,28.260129724535794,0.028503602444485555,0.002365147056729659,0.03087221828510948,0.025257268596829297,0.028503602444485555,0.002365147056729659,0.9240626698714831,0.023794084506670733,0.9563235750077737,0.8991883217296274,0.17775426305888312,0.02363031671352595,0.21300999660742242,0.1541176438082233,80.17074764961487,25.1160203688493,106.40884411196912,46.11530495284492,0.024539848212793584,0.0018435332438266055,0.027233446600348227,0.022776156039863493,0.024539848212793584,0.0018435332438266055,0.8137236917520504,0.024186116556270953,0.8538375928976595,0.789806286214713,0.11841483010173712,0.006896646936199118,0.12935303264059506,0.11054286633374483,196.76090919805355,25.52516789628536,222.08641749858333,154.45083597110832,0.019561991071255523,0.0005686408291699919,0.02049914600494386,0.018963952627020917,0.019561991071255523,0.0005686408291699919,0.8991642774497915,0.06569385776300092,0.1751938600353434,0.05094801464956183,106.48910253235057,69.3996448853154,0.024201813909511552,0.004060521131327905,0.024201813909511552,0.004060521131327905,527.395534589657,94.95892458545919,0.11121994256973267,0.11121994256973267,0.8007369637489319,1.2520952224731445,0.10093443840742111,0.04723915830254555,18.750106811523438,0.2402777224779129,4.23970890045166,0.11121994256973267,76.43207550048828,20.09642791748047,37.0,125.0,78.0,60.0,93.0,94.95892333984375,22.9650936126709,51.0,150.0,97.0,76.0,114.0,87.74748992919922,16.908010482788086,47.0,141.0,89.0,74.0,101.0,172.47059066666668,train,cluster_089_biomass_172.47.png
0.969361500413766,0.009756997999303515,0.9803070163563233,0.9593353472585591,0.2670261436872501,0.03693823547234202,0.31108297834706417,0.23028468707869898,21.103192023984537,6.721477374406053,28.011200707836938,13.579135970531805,0.03301601380350072,0.0027138498528147333,0.03598256128486665,0.030220247290258268,0.03301601380350072,0.0027138498528147333,0.9420726020853396,0.017934334634368953,0.9599562793626463,0.9194448065200783,0.20557588910374833,0.02529066649944019,0.2306573230145473,0.1743825738969345,39.90299431616699,12.337503613944808,55.36818291505787,27.583381930061286,0.02822760258194058,0.0020903511757543506,0.030397973850090014,0.025889407267807342,0.02822760258194058,0.0020903511757543506,0.8572497529145756,0.010460402139058404,0.8657654455132968,0.8393690813286026,0.13525031011367988,0.004505698079606615,0.13825899935195765,0.12747903354827755,98.3806981025617,7.009937643070273,110.3202165481478,92.52729080431942,0.022409331555971173,0.0003045835054656203,0.022695615873356823,0.021897290307933668,0.022409331555971173,0.0003045835054656203,0.922894618471227,0.04953945877971964,0.20261744763489278,0.059777130766072134,53.1289614809044,34.13125284986777,0.027884315980470826,0.004769868721448354,0.027884315980470826,0.004769868721448354,344.30994163300284,67.74728954081633,0.13375268876552582,0.13375268876552582,0.7672125101089478,1.3169447183609009,0.075865738093853,0.020419634878635406,18.7587947845459,655.9198608398438,3.018897533416748,0.13375268876552582,52.11021041870117,15.445722579956055,13.0,108.0,51.0,40.0,64.0,67.7472915649414,18.55558967590332,20.0,130.0,66.0,53.0,82.0,64.03860473632812,13.436225891113281,22.0,125.0,62.0,54.0,73.0,183.6058123333333,train,cluster_090_biomass_183.61.png
0.9656134573220396,0.011343319440862315,0.9773545104618091,0.9505556966783162,0.2309900100702488,0.03161391192778579,0.2695393873801578,0.19029377752231114,44.76634609583996,14.786739290493317,64.39118019666638,29.46194346572758,0.026369369043018016,0.0021872799911643757,0.028786417967489028,0.0236243800242901,0.026369369043018016,0.0021872799911643757,0.9352277082186757,0.019745936739078714,0.9587690225613629,0.9130493358545494,0.17958534289746514,0.022835082494591305,0.21140895414177263,0.1531297293004249,84.34545384107753,25.707665347230225,113.21356177606307,53.694383558889726,0.022644229484192098,0.0016525830773526312,0.024844269454213985,0.02087186174227176,0.022644229484192098,0.0016525830773526312,0.841603065295272,0.012401820629968656,0.8620947023124391,0.8291539387821368,0.12067336777884305,0.006146764432486427,0.12986858415237082,0.11479178143792072,206.5097010669734,16.09855289325025,222.57130736907004,179.89331223115812,0.018001967230661105,0.0003421359011080353,0.018559342425308965,0.017698986859231075,0.018001967230661105,0.0003421359011080353,0.9141480769453291,0.05485797728627911,0.17708290691551898,0.05050721794915938,111.87383366796364,71.54455279569036,0.022338521919290408,0.0037762050517991994,0.022338521919290408,0.0037762050517991994,649.8683456109494,92.52957589285714,0.10293546319007874,0.10293546319007874,0.8174773454666138,1.2359153032302856,0.10708493739366531,0.056036852300167084,18.74810218811035,0.21470127999782562,4.833889484405518,0.10293546319007874,76.29926300048828,25.281476974487305,34.0,187.0,75.0,57.0,93.0,92.52957916259766,25.492515563964844,46.0,168.0,93.0,71.0,113.0,81.4532241821289,17.664934158325195,43.0,160.0,81.0,68.0,93.0,189.822266,train,cluster_091_biomass_189.82.png
0.9502773331238249,0.01615620686097497,0.9706956845018686,0.9319570197939563,0.20911583397630967,0.032497208251858596,0.2564717015930027,0.172970122521471,44.107242100399276,14.293665896575522,60.3209797100294,26.063621076233805,0.027317235439216953,0.002395934046056365,0.03078314998745523,0.02475119026585067,0.027317235439216953,0.002395934046056365,0.9068747279761984,0.02997946551434255,0.9372002584544794,0.8631817445804281,0.15967055904436317,0.021873956215400756,0.18601290285899724,0.1285062820569944,82.53999759071547,26.480059813547314,120.95618162805829,55.678256148324834,0.02358002026329194,0.001655278903837505,0.0254601820860591,0.02121834227262111,0.02358002026329194,0.001655278903837505,0.7775617770634459,0.023865971486460955,0.7964931507772195,0.73769150256006,0.10572169271289371,0.006700089196698106,0.11271757134527849,0.09614331693029932,196.60127547364328,20.621805294716104,231.09552763409016,179.7868882396024,0.01934656713148537,0.00047113489985453784,0.019827830610053807,0.018637909495003182,0.01934656713148537,0.00047113489985453784,0.8782379460544898,0.0771898213033365,0.15816936191118888,0.04805546903655619,107.74950505491934,68.09614603193245,0.023414607611331417,0.0036746534961582286,0.023414607611331417,0.0036746534961582286,444.94206675664924,84.42873086734694,0.12795092165470123,0.12795092165470123,0.776032567024231,1.2989882230758667,0.09804054349660873,0.03313421830534935,18.750699996948242,0.27781081199645996,4.109164714813232,0.12795092165470123,66.34140014648438,21.802743911743164,26.0,173.0,63.0,54.0,74.0,84.4287338256836,21.09364891052246,37.0,178.0,84.0,71.0,96.0,77.5157241821289,18.22576904296875,32.0,174.0,76.0,67.0,85.0,251.0883343333333,train,cluster_092_biomass_251.09.png
0.9632491005538569,0.011805690398512177,0.97650201983074,0.9496949932394124,0.2990337366102091,0.03987613137368349,0.34424548792537474,0.253939267697316,15.680180035614617,5.035274225393471,21.46059643266533,10.016395739910351,0.03928603843981707,0.0032599994827118162,0.04285591482956841,0.03579285681623808,0.03928603843981707,0.0032599994827118162,0.9303724655544495,0.0215836773044592,0.9534473518440626,0.9037497519921472,0.2311680380174248,0.028705153664515034,0.26519046168141597,0.20088313766648258,29.709402548686562,9.224226622567649,41.15719514157,19.859639244706592,0.03359053024276488,0.0024586178280512805,0.03628449091396866,0.030936564279274926,0.03359053024276488,0.0024586178280512805,0.8266113975186736,0.01229817383825214,0.8421291785110819,0.8076811005438052,0.1510505811215831,0.004635935357285707,0.1589273384867189,0.14717085888294207,73.97135410969162,5.362977732871827,82.30526826114523,67.32706355003735,0.026669415380034533,0.00031740641492501785,0.027128589858309064,0.026241998787784025,0.026669415380034533,0.00031740641492501785,0.9067443212089934,0.06035682586282036,0.22708411858307231,0.06685832869577399,39.78697889799759,25.758291083028908,0.03318199468753883,0.005674888714035792,0.03318199468753883,0.005674888714035792,213.42724749188977,77.52694515306122,0.09084613621234894,0.09084613621234894,0.8340896368026733,1.2009516954421997,0.07503384351730347,0.05201530084013939,18.760337829589844,0.1867063045501709,3.2592520713806152,0.09084613621234894,64.8506088256836,13.360101699829102,36.0,118.0,64.0,55.0,74.0,77.52694702148438,14.609149932861328,47.0,133.0,76.0,66.0,88.0,71.06965637207031,10.056757926940918,45.0,115.0,70.0,64.0,78.0,178.1312343333333,train,cluster_093_biomass_178.13.png
0.9583949590368627,0.013068906581512682,0.9717153267037653,0.944436353800082,0.2985220112098513,0.03948333903294572,0.3411582827416545,0.257187112470976,15.100783590812393,4.7425697159319915,20.166623097187095,10.269038276745734,0.040721949907251705,0.003244476840014244,0.044197984642229154,0.037335659694440256,0.040721949907251705,0.003244476840014244,0.921990071351052,0.023390920808677305,0.9462499944537863,0.8969897858504504,0.23178773729456723,0.027453058671486043,0.2610714338128536,0.2015393633394491,28.314482412852634,8.490416107667325,37.37091779279259,19.5076715799637,0.03490912729841225,0.002580494626601635,0.03763136640429321,0.03213195981297011,0.03490912729841225,0.002580494626601635,0.8121813537751368,0.010216981830865734,0.8242993859353988,0.7983036758856814,0.1541615311905013,0.002893107100724656,0.15688117179393718,0.14949149839797232,68.17090363530455,3.701768997992309,73.14417016806274,63.76053080107192,0.027971451111479237,0.00035666473228446925,0.0283646183439316,0.027449056775592888,0.027971451111479237,0.00035666473228446925,0.8975221280543505,0.06431575174822561,0.22815709323163993,0.06521942711718885,37.195389879656524,23.3438558927584,0.034534176105714395,0.005739084845176976,0.034534176105714395,0.005739084845176976,181.51725019727434,68.31375558035714,0.13256391882896423,0.13256391882896423,0.7671963572502136,1.3087204694747925,0.08568115532398224,0.02107853628695011,18.75503921508789,0.28551048040390015,3.6037209033966064,0.13256391882896423,52.63484573364258,11.794580459594727,18.0,98.0,53.0,44.0,61.0,68.31375885009766,13.472833633422852,33.0,120.0,68.0,58.0,77.0,62.14397430419922,9.597408294677734,32.0,103.0,62.0,55.0,69.0,205.34805100000003,train,cluster_094_biomass_205.35.png
0.9642947507618651,0.012108206571149003,0.9778688474772422,0.9473019354495206,0.24938842615257797,0.032435135135623794,0.28882121418979145,0.2072514494155476,37.33197252770766,12.659254449267632,55.09976070301092,23.150664638052767,0.030735257998680387,0.002540633573263524,0.03380867873729815,0.02751080073913746,0.030735257998680387,0.002540633573263524,0.9327827415841052,0.02133368316109462,0.9586699784424281,0.9047306949622541,0.19511218750797119,0.025023231986953876,0.22983566381943596,0.16650834545096888,70.27375767748761,22.28641822116442,99.52511663449204,43.21309497476359,0.02643706204793423,0.0019696321605787797,0.02908380924384364,0.02410851883862868,0.02643706204793423,0.0019696321605787797,0.8367040268286489,0.019389707533153472,0.8648723489312097,0.8135760951476675,0.1309987886823835,0.007993122968062346,0.14350086953391505,0.12344921706424124,170.6961184829279,20.19636847081375,194.67636958628154,141.25856261667323,0.021078933177035325,0.0005630982022250705,0.021934992516039344,0.020482590643461467,0.021078933177035325,0.0005630982022250705,0.9112605063915397,0.05719033073937146,0.19183313411431088,0.05405636429389051,92.76728289604107,59.76835893142799,0.02608375107454998,0.004376486295471858,0.02608375107454998,0.004376486295471858,522.807763276821,90.38833306760205,0.13551709055900574,0.13551709055900574,0.7627100944519043,1.3166098594665527,0.1163872480392456,0.026852145791053772,18.74336051940918,0.297006219625473,4.930851936340332,0.13551709055900574,69.45402526855469,19.910701751708984,34.0,145.0,71.0,53.0,86.0,90.38833618164062,22.864990234375,47.0,150.0,94.0,71.0,110.0,81.64389038085938,15.993120193481445,45.0,145.0,83.0,69.0,94.0,286.4346243333333,train,cluster_095_biomass_286.43.png
0.971931026590378,0.008901222894084685,0.9819551767711436,0.9624139729002981,0.30584850142184905,0.03847267290816012,0.3497546783910243,0.2669986406587805,16.69496146794213,5.299304987063091,22.360815620664237,10.728939782190963,0.03619366892843619,0.0029362875689253193,0.039463120168532685,0.033159978751550453,0.03619366892843619,0.0029362875689253193,0.9469573904192219,0.01639891672540793,0.9637483988010757,0.9266562503549667,0.23886511975390717,0.02887609175849149,0.26817251964046035,0.20595143126515336,31.556723940095463,9.756474176418367,43.63400900900879,21.56681212169988,0.03096562641644933,0.00231028292093086,0.033377014637367385,0.02842481671153316,0.03096562641644933,0.00231028292093086,0.8706494206405214,0.008946135560445755,0.8801499737281983,0.856028476178949,0.15972238445059989,0.0029551592295131027,0.16231529513074588,0.15476576983803192,77.03173397848487,5.308417587922756,85.71489172591478,71.40189513838259,0.02462444883920039,0.00030870180173318395,0.024973860157983814,0.02415305054247001,0.02462444883920039,0.00030870180173318395,0.9298459458833738,0.04470784320932602,0.23481200187545204,0.0658882156367066,41.76113979550748,26.632742579442613,0.030594581394695303,0.00520206455853202,0.030594581394695303,0.00520206455853202,297.06211440417235,83.01032366071429,0.10125594586133957,0.10125594586133957,0.8173007369041443,1.2274943590164185,0.10258010029792786,0.04913416504859924,18.749595642089844,0.20054268836975098,4.706982135772705,0.10125594586133957,68.24252319335938,16.49737548828125,33.0,124.0,67.0,56.0,80.0,83.01032257080078,17.235490798950195,44.0,137.0,82.0,70.0,96.0,71.62019348144531,11.585065841674805,42.0,118.0,70.0,63.0,79.0,172.71533699999998,train,cluster_096_biomass_172.72.png
0.9435166534007596,0.017929197282621934,0.9640662030963876,0.9254811085458701,0.2416477328382486,0.03239425193250243,0.27926072785072686,0.20879301742129133,23.12581742149617,7.330605055429328,30.50009049045852,14.718750000000103,0.03447457570900172,0.0027464292850900786,0.03775685102601264,0.031745845913512344,0.03447457570900172,0.0027464292850900786,0.8934925701261396,0.0329951930951111,0.925902703225365,0.8511086061188711,0.18417163409278225,0.02551013437082955,0.21018199903420054,0.15446661114276772,43.594932298805396,13.508359945474224,60.95181788931801,30.326489573488796,0.029585662759832272,0.002190859029930768,0.03176891519904866,0.02700543895944448,0.029585662759832272,0.002190859029930768,0.742518926562672,0.019285591315878446,0.7555954051031625,0.7093495660691609,0.11949124015627739,0.0035969924773012084,0.12358238830711298,0.11398504192745741,105.26741664741907,7.918314879492935,118.8761918228756,99.87099261423685,0.02387418121473536,0.00035069306213966316,0.024148469804078004,0.02328187373973298,0.02387418121473536,0.00035069306213966316,0.8598427166965238,0.08884553068064655,0.1817702023624361,0.05532584547472513,57.329388789240205,36.31109735674718,0.02931147322785645,0.00478757678083135,0.02931147322785645,0.00478757678083135,205.05655765175968,77.70025510204081,0.13447844982147217,0.13447844982147217,0.7635946273803711,1.3122639656066895,0.10715622454881668,0.02143380418419838,18.746747970581055,0.27527838945388794,4.635642051696777,0.13447844982147217,59.404197692871094,11.628806114196777,33.0,100.0,59.0,50.0,68.0,77.70025634765625,14.319796562194824,45.0,133.0,77.0,67.0,88.0,68.67147827148438,10.574033737182617,38.0,110.0,68.0,60.0,76.0,171.00415933333332,train,cluster_097_biomass_171.00.png
0.9694183517312188,0.009934049741186416,0.9804893538668884,0.9568916133599532,0.267638384930076,0.03519541465661154,0.30935383118201004,0.22747282739984934,22.62710843665549,7.344641087469381,31.889661967866203,14.430673446508681,0.03161026513091757,0.0025551751389023295,0.03461774112397634,0.028761263163243588,0.03161026513091757,0.0025551751389023295,0.9422475052549728,0.017989751871229177,0.9625899135245778,0.9195468941345019,0.20645748384392854,0.027105259876658877,0.23857724865367347,0.17470405339942965,42.72231659324241,13.320764368766856,59.597972972972805,27.67214301514251,0.02705240474960793,0.0020671257159227898,0.029416625260103968,0.02463684468090519,0.02705240474960793,0.0020671257159227898,0.8595286249345293,0.011689954645047807,0.8749846081969991,0.8425076359412735,0.13562874085975835,0.0051508575542930065,0.14248991155781945,0.12839240399901194,103.816424606551,8.776686547111524,116.68556076275506,92.34658306955815,0.02155279789224883,0.00037564179458440334,0.02202591080669138,0.020976777603943494,0.02155279789224883,0.00037564179458440334,0.9237314939735737,0.04868645121125217,0.20324153654458763,0.05980170064112123,56.38861654548297,35.98342629814798,0.026738489257591442,0.004533842134671648,0.026738489257591442,0.004533842134671648,370.31667527751296,84.64078443877551,0.09614570438861847,0.09614570438861847,0.8257585763931274,1.21486496925354,0.1022847443819046,0.05388505011796951,18.749893188476562,0.188669353723526,4.728427410125732,0.09614570438861847,70.2724838256836,17.966812133789062,32.0,137.0,69.0,56.0,83.0,84.64078521728516,19.24361228942871,45.0,152.0,84.0,70.0,98.0,72.92647552490234,13.768328666687012,35.0,122.0,72.0,62.0,83.0,127.712279,test,cluster_098_biomass_127.71.png
0.9644215578533283,0.011537587653436791,0.9788613084654998,0.9527172292942322,0.1988670720680494,0.02878400237194426,0.2372087124759738,0.1709092550928745,60.89092223601941,19.74257235931663,80.91966458203413,36.190442825112804,0.023877684072716347,0.0020603728056822336,0.026502920024439585,0.021721791915840432,0.023877684072716347,0.0020603728056822336,0.9323201808724001,0.02228501686867371,0.9534824116215108,0.900160262948001,0.1514057367692445,0.02020011393064917,0.1712202905406164,0.12518090882539998,115.82266263022066,38.11711999532543,170.79046010295949,79.61123288222078,0.020384273738534412,0.0015211594308928737,0.02201042713916143,0.018438379931180953,0.020384273738534412,0.0015211594308928737,0.8333540887086479,0.018035811481643852,0.8474236003524581,0.8023880256271717,0.09750616993498035,0.0046213115094176725,0.10116253801221023,0.08957550573920488,285.1441835509437,30.803889890841507,338.04236021323237,261.1859647704676,0.01608467641437181,0.00031520742875503426,0.016345145627119688,0.015559970769188053,0.01608467641437181,0.00031520742875503426,0.9100319424781254,0.0585648287273033,0.1492596595907581,0.04619467727969393,153.9525894723946,100.19508174752917,0.02011554474187419,0.0035181541053848522,0.02011554474187419,0.0035181541053848522,855.8957319454271,84.15150669642857,0.10936512053012848,0.10936512053012848,0.8071075081825256,1.2549372911453247,0.11109194159507751,0.04883917421102524,18.74630355834961,-23.222007751464844,5.180459499359131,0.10936512053012848,69.0039291381836,28.189970016479492,5.0,179.0,66.0,45.0,87.0,84.15150451660156,29.255695343017578,16.0,185.0,82.0,59.0,106.0,70.97064208984375,22.519418716430664,6.0,174.0,67.0,53.0,87.0,196.2409845,train,cluster_099_biomass_196.24.png
0.9593410336866964,0.014704756391069808,0.9730220276530497,0.9365617476527011,0.23343901224685698,0.03226701220984439,0.2640431094006611,0.18519511366100905,40.34761671653257,14.589004607962554,62.94781716905683,26.76303251121121,0.02848009919267716,0.0023564769989097806,0.030851086833102354,0.02513698645551842,0.02848009919267716,0.0023564769989097806,0.923465120588542,0.024003573154212535,0.9562264823529669,0.8984891696700608,0.18178809125563394,0.02598247887234993,0.22295898424333488,0.15926319719387416,75.94711036106253,23.825505879055697,100.83200611325752,43.43604335498434,0.024497820631889516,0.0019397838705076916,0.027394309868361305,0.02269510285945525,0.024497820631889516,0.0019397838705076916,0.8132900676678225,0.024360764996861604,0.8538821001497122,0.7893190437132634,0.12150415021063082,0.008405479706724507,0.13490263723491588,0.1117123009466232,185.24122552845643,24.18532186627177,208.99344614885865,144.95889132375916,0.019614303304010546,0.0006489582755338089,0.020695277919934703,0.01896510864773431,0.019614303304010546,0.0006489582755338089,0.8986987406476871,0.06575548381822859,0.1789104179043739,0.0518460205795708,100.51198420201717,65.23713680903862,0.024197407709525737,0.004048597798814222,0.024197407709525737,0.004048597798814222,496.31810016584416,94.03840481505102,0.10962517559528351,0.10962517559528351,0.8043371438980103,1.2496038675308228,0.10218633711338043,0.047746580094099045,18.749649047851562,0.23700790107250214,4.349668979644775,0.10962517559528351,75.86698913574219,19.594802856445312,36.0,161.0,78.0,62.0,91.0,94.03840637207031,22.2781982421875,48.0,156.0,97.0,77.0,112.0,86.15230560302734,16.07718849182129,45.0,147.0,87.0,74.0,98.0,268.42620800000003,train,cluster_100_biomass_268.43.png
0.9949308262467812,0.0028797827092407586,0.9974040369465283,0.9900521055782193,0.57475653541743,0.03318563515917329,0.610438375806019,0.5203828977400866,47.25220684951826,26.844126685578185,92.72573347543731,24.18557815502964,0.27344557380062773,0.0015633575526585973,0.27503553226900446,0.27091794232816335,0.27344557380062773,0.0015633575526585973,0.9901229576648736,0.004547302497840218,0.9965582388447656,0.9836972113006541,0.5244819623312984,0.03745507483341554,0.5847219794376008,0.4824478680439289,92.07994084352113,42.43798236228434,152.1066803410547,32.08120010456791,0.2713393278788101,0.002022283637245428,0.2743725823373736,0.26869746744465633,0.2713393278788101,0.002022283637245428,0.9744137605126101,0.009971884742349372,0.9882136291385905,0.9639986701470582,0.4534553777695026,0.02640232706023165,0.4938003406760275,0.4283712611223939,238.54491915166415,93.08493615048641,335.58219706195365,109.8664881097373,0.26736078523887946,0.0026817073117233244,0.27102547801107396,0.2647783061124319,0.26736078523887946,0.0026817073117233244,0.986489181474755,0.010934518447619094,0.5175646251727436,0.059525937313917504,125.95902228156785,101.9877998442584,0.2707152289727724,0.0033076601568703644,0.2707152289727724,0.0033076601568703644,4660.476255363249,168.59815449617346,0.02243858017027378,0.02243858017027378,0.9595795273780823,1.0503568649291992,0.0254567451775074,0.24647344648838043,18.786848068237305,0.051876720041036606,1.2060790061950684,0.02243858017027378,165.3206329345703,72.47151947021484,49.0,254.0,178.0,90.0,252.0,168.59815979003906,68.26768493652344,57.0,254.0,174.0,104.0,254.0,165.3842010498047,68.70489501953125,43.0,254.0,168.0,89.0,254.0,0.0,train,zero_biomass_000_biomass_0.00.png
0.9915510974856137,0.00746578059846395,0.9987325737275806,0.9790590795080749,0.49287800392605086,0.04256949160983098,0.523099639975977,0.4194992799666109,45.788672237454925,40.47591475311418,113.51941523054552,6.8708198435521615,0.0563392606135416,0.003798616464045091,0.05941711961267379,0.05003784656620214,0.0563392606135416,0.003798616464045091,0.9834830890860071,0.009058306543039645,0.9987325737275806,0.9751125168770354,0.41747643589597383,0.0651214014345127,0.523099639975977,0.36153224236788317,89.53366619291191,49.10798012637482,134.94099903474574,6.8708198435521615,0.049158611802112215,0.004799874319812696,0.05665850969024063,0.044849212593378096,0.049158611802112215,0.004799874319812696,0.958092091503057,0.024753865640606162,0.9960174822585269,0.9279215681219509,0.3077846433937364,0.03790618698725564,0.3733463646994315,0.2841600931825751,227.40007387486753,134.373775651226,391.2871925980299,21.622027432838767,0.03982141224830732,0.002713754427027323,0.044504430082777914,0.037933446319344304,0.03982141224830732,0.002713754427027323,0.9777087593582259,0.021294064336518308,0.4060463610719203,0.09094977281431234,120.90747076841147,115.57685609242169,0.04843976155465371,0.007789469803158737,0.04843976155465371,0.007789469803158737,2706.123742625893,160.16250797193877,0.03694334626197815,0.03694334626197815,0.9326021075248718,1.0819884538650513,0.04543637856841087,0.20361143350601196,18.777475357055664,0.07459209859371185,1.8757567405700684,0.03694334626197815,151.4881591796875,56.13667678833008,58.0,245.0,191.0,96.0,200.0,160.16250610351562,52.020416259765625,65.0,247.0,193.0,122.0,204.0,157.25057983398438,54.85548400878906,47.0,247.0,190.0,97.0,207.0,0.0,train,zero_biomass_001_biomass_0.00.png
0.9842247702023833,0.0086456671875105,0.9991917974244233,0.9789357456201833,0.6126389341165591,0.04010486097734193,0.6539174654135623,0.5711509166761243,100.21641535964415,54.88635973149719,133.78628164652596,5.198890935298054,0.14322447064948665,0.004952379076072345,0.1492023863077681,0.13827552724915695,0.14322447064948665,0.004952379076072345,0.9782357165036121,0.01403278357123969,0.9972722654687256,0.9576429329624078,0.5377844059020586,0.0348242454985391,0.5739596288136529,0.5006773945616558,137.42733680819975,87.79408157136668,265.5849420849497,17.543597168597774,0.13530218918727374,0.003750511043394634,0.1383886811464426,0.1291467829705354,0.13530218918727374,0.003750511043394634,0.9600101101441864,0.021825974261224398,0.9946586632673241,0.93421069082253,0.43060326529189674,0.005111716880764738,0.4346499478615607,0.4219880294597877,249.52973219726272,134.88655111532378,407.01480688423896,34.34752747252349,0.12458347734583951,0.0036303976471425722,0.13014980168672197,0.11997406248700444,0.12458347734583951,0.0036303976471425722,0.9741568656167271,0.018851791656933292,0.5270088684368381,0.08080824683933602,162.3911614550356,116.89983892111007,0.1343700457275333,0.008695187011478183,0.1343700457275333,0.008695187011478183,3216.9047803707986,100.39213966836735,0.14891180396080017,0.14891180396080017,0.7482213973999023,1.3648306131362915,0.14186403155326843,0.05080736055970192,18.734472274780273,0.271450400352478,6.607010841369629,0.14891180396080017,80.9628677368164,64.86280822753906,42.0,255.0,54.0,50.0,66.0,100.39214324951172,56.7177619934082,56.0,255.0,78.0,74.0,88.0,83.64608764648438,62.3838996887207,45.0,255.0,60.0,57.0,65.0,0.0,train,zero_biomass_002_biomass_0.00.png
0.977616661296883,0.007400667347074996,0.9863650679455291,0.9693050338129109,0.36207336246371974,0.053203642389845575,0.42198405316028015,0.30751081319871804,59.40140548379456,19.66168065000715,81.48142934706017,36.159012652148654,0.04376090405546732,0.004382772861623242,0.04928465682196379,0.0393685123770759,0.04376090405546732,0.004382772861623242,0.9579223517941863,0.013093940742846415,0.9713416080130306,0.9396649682803896,0.29785821268600765,0.012749734748433513,0.310707165568415,0.2782769286451748,111.70253903145957,34.76832236025976,160.19379424067014,76.07474511854194,0.038036485683949475,0.0016200122862293153,0.039562741330542744,0.03553284024387945,0.038036485683949475,0.0016200122862293153,0.8945831213756189,0.00941695395068099,0.9052310184943242,0.8800293050145611,0.21753562944978827,0.012208248458818238,0.23581521308700512,0.20514917679929642,280.2095741533228,24.97798708874566,318.73670814468727,251.8423359727737,0.030937238032131685,0.0009026650578708198,0.03246799987337549,0.03019028175383453,0.030937238032131685,0.0009026650578708198,0.9433740448222293,0.03687666114957624,0.29248906819983855,0.06740683528967353,150.43783955619233,98.06133573847681,0.03757820925718283,0.005921322291370329,0.03757820925718283,0.005921322291370329,1325.0804216971949,150.7256457270408,0.027094652876257896,0.027094652876257896,0.9497307538986206,1.0586756467819214,0.0853208526968956,0.19921182096004486,18.761980056762695,0.05017344653606415,4.454598903656006,0.027094652876257896,143.94618225097656,38.87030792236328,49.0,254.0,136.0,122.0,156.0,150.72564697265625,36.40165710449219,49.0,254.0,141.0,130.0,157.0,135.748291015625,45.95469665527344,51.0,254.0,119.0,106.0,152.0,0.0,test,zero_biomass_003_biomass_0.00.png
0.9816794084694653,0.0060803097139214175,0.9889159315939035,0.9756064392230146,0.3431511103306659,0.07244396612558146,0.4189216418808083,0.2693638929542118,125.28916277563525,41.618074640032745,166.85833216030275,75.77320227418588,0.07160166737024834,0.003726866826635078,0.07716996892291292,0.06813894492348223,0.07160166737024834,0.003726866826635078,0.9657678245975274,0.01028169661052865,0.9757145323461507,0.9519135780425473,0.2907302832856947,0.020094497126270865,0.31344055309470154,0.2693638929542118,234.15518431396305,70.32362072458278,328.89965411838983,166.11940718694763,0.06811687859247009,0.001781459365626517,0.07054224323055422,0.06551175980681205,0.06811687859247009,0.001781459365626517,0.9151480069930849,0.0046103552104469194,0.9220047033077632,0.9090049945166552,0.22595738691763936,0.03497685484914865,0.26246674455317626,0.19059164212243732,580.9964768115668,31.595966578530994,622.8812621201117,533.8348618292393,0.061929738759481906,0.0023354831625525536,0.06594336711101279,0.06023398658087135,0.061929738759481906,0.0023354831625525536,0.9541984133533593,0.02931398660813269,0.2866129268446667,0.06774439892640258,313.48027463372176,200.789328930323,0.0672160949074001,0.004847949182016094,0.0672160949074001,0.004847949182016094,3415.5485090246207,179.9743502869898,0.02123931050300598,0.02123931050300598,0.9599311947822571,1.045236587524414,0.029747992753982544,0.2520298361778259,18.78537368774414,0.04501759260892868,1.2441145181655884,0.02123931050300598,174.4585418701172,60.892635345458984,55.0,254.0,187.0,119.0,232.0,179.97434997558594,58.44269561767578,57.0,254.0,191.0,129.0,236.0,177.9044189453125,61.07133865356445,35.0,254.0,189.0,120.0,237.0,0.0,train,zero_biomass_004_biomass_0.00.png
0.972082008173468,0.009786225543436257,0.9858313288533567,0.9614249774786218,0.333781295433085,0.06400473129469605,0.42228286839548645,0.27059798076733504,119.28313483634942,41.816873807192515,164.81041243539752,60.500320307498654,0.031397044359242,0.004193473751414967,0.0379933755161774,0.027376118091644527,0.031397044359242,0.004193473751414967,0.9473138848921838,0.01985652944780863,0.9643842946621497,0.9143959559497298,0.27317761839394317,0.0179740893053674,0.29883624344867016,0.24820435854577264,225.09155317019878,84.93009649363478,365.952702702697,152.16539644874757,0.027475316618919388,0.0019975634236528484,0.029926982599337626,0.02440521376544641,0.027475316618919388,0.0019975634236528484,0.866041994492134,0.026332335206251927,0.9009636130905444,0.8275380443615428,0.1997558208755896,0.024714432801702824,0.24177670098886225,0.17875200186302473,572.1025420527562,112.79658418923172,737.056763089588,422.51264544265763,0.022372821773095485,0.0021530945150025588,0.026030012382883688,0.020711008549635236,0.022372821773095485,0.0021530945150025588,0.9284792958525951,0.04945637376084485,0.26890491156753926,0.06840875834226437,305.4924100197681,211.2691774958427,0.027081727583752296,0.004731524168134416,0.027081727583752296,0.004731524168134416,2136.2096397323635,153.8834901147959,0.016801614314317703,0.016801614314317703,0.9725072383880615,1.040698766708374,0.05292234569787979,0.22689488530158997,18.77554702758789,0.0320296436548233,2.9165730476379395,0.016801614314317703,151.2440643310547,49.88119888305664,36.0,254.0,161.0,117.0,180.0,153.88348388671875,46.21915054321289,45.0,254.0,153.0,125.0,180.0,143.02772521972656,53.7108268737793,42.0,254.0,140.0,98.0,177.0,0.0,train,zero_biomass_005_biomass_0.00.png
0.9851504800299266,0.005098025490148448,0.9922430131385465,0.9802684841648986,0.38548565230364507,0.049518284809340285,0.4390392382102052,0.32950088861532567,51.53411600248552,17.678140126414455,68.45860564258437,26.928671524665177,0.04476354900291436,0.003795175521743142,0.0494131899737561,0.040551451366234746,0.04476354900291436,0.003795175521743142,0.9719365029759434,0.010252507257915005,0.9803453256925213,0.9551935819106068,0.3201431508011342,0.016901870966452463,0.34309501182047636,0.30220191652351336,97.37191495164065,35.58607617560303,155.49398729087034,68.1945343763216,0.039298350253991414,0.001831610040814451,0.041531740726358866,0.03692937521428699,0.039298350253991414,0.001831610040814451,0.9288677976182093,0.012188262610989183,0.9440219540822612,0.9099597584893843,0.23548933272084563,0.007709212073205774,0.2422209006466821,0.22306358370346077,246.554658763895,42.343143958643125,312.30769230758955,194.00953458301046,0.032099209565363516,0.0005403138844346004,0.03285592928141706,0.03135594516063128,0.032099209565363516,0.0005403138844346004,0.9619849268746931,0.02589773789686287,0.31370604527520835,0.06857785881496475,131.82022990600706,89.75589665026202,0.038720369607423095,0.005737128515573727,0.038720369607423095,0.005737128515573727,1737.2148534082862,143.57274394132654,0.052072636783123016,0.052072636783123016,0.9056861996650696,1.1167683601379395,0.09709978103637695,0.16179148852825165,18.7559757232666,0.09841744601726532,4.693475723266602,0.052072636783123016,132.0211181640625,47.122276306152344,37.0,254.0,119.0,102.0,159.0,143.57273864746094,41.67991256713867,48.0,254.0,131.0,119.0,162.0,130.36392211914062,49.64902114868164,49.0,254.0,111.0,94.0,160.0,0.0,test,zero_biomass_006_biomass_0.00.png
0.9761674525201154,0.007847008786577193,0.9853119941473514,0.9683320343475369,0.3383620827060376,0.057401097825455535,0.4033699072969989,0.2800613568601419,69.95178360014852,23.050743542697848,92.95783144643764,42.99749759769541,0.034726031952245946,0.003648038368700074,0.038411661187630605,0.031001620856025907,0.034726031952245946,0.003648038368700074,0.9551238454010477,0.013699069325012256,0.9684266765014571,0.9369785839017941,0.27575682270293866,0.007572995581333864,0.2824154746314549,0.2629800715429135,131.763319250949,40.38305357526307,185.82191119691285,92.68332361398537,0.030230108106832042,0.0008540265252874013,0.031155375329545598,0.029266473313081885,0.030230108106832042,0.0008540265252874013,0.886991620619604,0.006925157857820535,0.8945230946088683,0.8756802154762222,0.19731174818890046,0.014853139643043654,0.21812840686450982,0.1820890019988281,332.0862376399317,21.90187428756432,367.61134453770205,307.7043673237632,0.024463442699020482,0.0007272437502188297,0.025407105571247913,0.023682713735829204,0.024463442699020482,0.0007272437502188297,0.939427639513589,0.03934005030961962,0.2704768845326256,0.0672365652137283,177.9337801636764,115.75350690144728,0.029806527586032822,0.00474327342996532,0.029806527586032822,0.00474327342996532,1466.259286720422,141.75324856505102,-0.02193724550306797,-0.02193724550306797,1.0645451545715332,0.9718426465988159,0.028112655505537987,0.27324411273002625,18.787002563476562,-0.030905436724424362,2.5954389572143555,-0.02193724550306797,151.02178955078125,47.91741943359375,38.0,254.0,150.0,119.0,176.0,141.7532501220703,38.29176330566406,44.0,254.0,142.0,117.0,161.0,125.31598663330078,43.05902862548828,38.0,254.0,122.0,91.0,146.0,0.0,train,zero_biomass_007_biomass_0.00.png
0.9749757303075657,0.008523355375368207,0.9862378384024721,0.9654053935404374,0.4001352878144799,0.06090974364169159,0.47494868958111364,0.3351195929543915,69.12530473200427,23.56291987037942,95.57821391944076,37.98320387572148,0.05399739299471864,0.005263181371126418,0.06011799965927783,0.04810218539410945,0.05399739299471864,0.005263181371126418,0.9529322169115224,0.015988121646991524,0.9681828757632754,0.9278896936936716,0.3397755814690515,0.011330311814896462,0.35445452823757484,0.32413103340765886,130.04737027528512,44.2292941637484,199.38710585585548,87.90558828852237,0.047819767550758896,0.0012734612240815572,0.049493588156790065,0.04592188089293068,0.047819767550758896,0.0012734612240815572,0.8813975643131107,0.016294056273876232,0.9015061463254944,0.8570209235438767,0.257942585684213,0.021306350576724406,0.29106620884663875,0.23470918987246714,327.9687045954179,45.31383854885751,395.7116192629856,271.92679379437413,0.039126366891103916,0.0014528000442890817,0.04122065475341274,0.037259367959083654,0.039126366891103916,0.0014528000442890817,0.9364351705107329,0.04234945602121181,0.33261781832258147,0.06947077572778952,175.71379320090242,117.17916726069636,0.04698117581219382,0.006905600925974929,0.04698117581219382,0.006905600925974929,1379.7246369310637,162.71524234693877,-0.0011134822852909565,-0.0011134822852909565,1.0079185962677002,1.0031596422195435,0.020777767524123192,0.2600831091403961,18.789216995239258,0.0018447869224473834,1.3331575393676758,-0.0011134822852909565,163.5974578857422,38.10197067260742,39.0,254.0,168.0,141.0,183.0,162.71524047851562,37.14464569091797,47.0,254.0,166.0,139.0,180.0,156.53469848632812,43.69529342651367,46.0,254.0,163.0,117.0,181.0,0.0,train,zero_biomass_008_biomass_0.00.png
0.9823559803449312,0.006032993606606784,0.9903718284282701,0.9759592256175253,0.3235094781180554,0.06697620763964404,0.4122174482386315,0.25279625456968036,122.75704900920181,41.89909937274609,167.1789499084993,67.05859625240669,0.05189992747202463,0.003453875119017344,0.05751609083211147,0.04895258210868156,0.05189992747202463,0.003453875119017344,0.9668340247109096,0.011398418932537574,0.9771246114043639,0.948698677366078,0.26564864841513947,0.01753953673197337,0.2944799835666972,0.2503636929160756,230.61488870648463,79.2275531228923,356.65747667311024,159.07866637172904,0.04876829690958765,0.003084830100912382,0.05282020974776698,0.0441362307653034,0.04876829690958765,0.003084830100912382,0.9167164465368851,0.012696670049708038,0.9343908888509097,0.898774512745615,0.1968245864204006,0.028575754847054644,0.24197702542206057,0.16869049583531406,577.6769688111297,88.0543115414373,702.4767291529162,455.4736182933109,0.04345223091592038,0.004052304056392904,0.0503098395125187,0.03975754512808902,0.04345223091592038,0.004052304056392904,0.9553021505309087,0.029895801147730928,0.26199423765119845,0.067465014323254,310.3496355089387,207.20248789601754,0.048040151765844225,0.004978074588709441,0.048040151765844225,0.004978074588709441,3487.1901066246655,151.9250039859694,0.03521409258246422,0.03521409258246422,0.9387366771697998,1.0816071033477783,0.06516207754611969,0.20271827280521393,18.769878387451172,0.07160122692584991,3.2740917205810547,0.03521409258246422,145.44154357910156,63.70332336425781,36.0,254.0,137.0,92.0,203.0,151.9250030517578,59.052433013916016,47.0,254.0,134.0,107.0,203.0,141.79212951660156,64.27136993408203,38.0,254.0,115.0,91.0,200.0,0.0,train,zero_biomass_009_biomass_0.00.png
0.9902993665083103,0.004309804177707131,0.9935809518266105,0.9829237918386878,0.5057786846831764,0.03279783519892597,0.5409734372462107,0.4570737814408185,20.63463153326764,9.096518906267482,36.21054113294079,13.688721172325458,0.07153445392172683,0.004025710925051016,0.07589589217734437,0.06637353706914897,0.07153445392172683,0.004025710925051016,0.9814063810044741,0.0067224954743484435,0.9917342460445175,0.9745767785099432,0.42918091326614743,0.0490025877301147,0.49520327126120844,0.3768374059427725,39.43252929439731,14.28822593688487,54.275679697554104,17.522451688150213,0.06292332095572764,0.004783869794123737,0.06886429058510478,0.057877482003584176,0.06292332095572764,0.004783869794123737,0.9557886486599616,0.009663182475147306,0.9722553801804465,0.9477864918651927,0.3219380955341921,0.02202275624534575,0.357846591437834,0.2993753974346948,92.54649047083521,20.442393704939928,108.77534291048113,57.72855287720363,0.05186182421437303,0.0017683978163577677,0.05475927110390518,0.050084066164003876,0.05186182421437303,0.0017683978163577677,0.9758314653909151,0.016322354837792555,0.4189658978278386,0.08370016788226009,50.87121709950005,34.09161486839805,0.062106533030609166,0.008883052836147463,0.062106533030609166,0.008883052836147463,1079.5951018005746,196.3983777104592,0.019086821004748344,0.019086821004748344,0.9635887742042542,1.0402156114578247,0.066551074385643,0.27284863591194153,18.77197265625,0.03632979840040207,3.364006280899048,0.019086821004748344,189.9819793701172,34.598846435546875,50.0,252.0,203.0,171.0,210.0,196.39837646484375,32.85719299316406,61.0,253.0,209.0,178.0,217.0,185.84425354003906,46.73999786376953,53.0,254.0,211.0,136.0,220.0,0.0,train,zero_biomass_010_biomass_0.00.png
0.9783657674903083,0.0073944897246596706,0.9865806096927254,0.9683654818661985,0.34651600257734194,0.0509954999099887,0.4143707443376922,0.29535279947418314,68.18648700959201,23.270913900016573,99.66269178949841,42.2849735746325,0.05445464918605081,0.003790769645764404,0.060368953191932126,0.050891656390415194,0.05445464918605081,0.003790769645764404,0.9594712985444783,0.012394953312673184,0.9742769902263498,0.9434152684520796,0.28920058864448883,0.01730065854913923,0.302697753668564,0.25957465078945385,127.68626981910576,39.11332504315753,178.6175796332027,81.03504997084106,0.049904004652826586,0.0022182834406601786,0.05140262790633965,0.04607523218535803,0.049904004652826586,0.0022182834406601786,0.8995891032910799,0.009284370365159327,0.9113809295430405,0.8894452349167674,0.21761794037346271,0.0190006519019699,0.2503090290291025,0.2031602777497421,315.696542523837,29.708257095384624,348.84564883641417,278.4069474880457,0.043452947989524086,0.0020000478944615634,0.04674134259917385,0.04139458479843901,0.043452947989524086,0.0020000478944615634,0.9458087231086223,0.035011394533201984,0.2844448438650978,0.06218831469167126,170.5230997841783,110.05615681980461,0.04927053394280049,0.005304449384872298,0.04927053394280049,0.005304449384872298,1579.122967914659,180.94266183035714,0.012161245569586754,0.012161245569586754,0.9764165878295898,1.0251154899597168,0.01700180023908615,0.26105424761772156,18.790637969970703,0.024921776726841927,0.6133692264556885,0.012161245569586754,176.79393005371094,39.394325256347656,56.0,254.0,186.0,149.0,198.0,180.94265747070312,39.73817825317383,60.0,254.0,188.0,153.0,202.0,180.7559356689453,42.25366973876953,61.0,254.0,189.0,151.0,204.0,0.0,train,zero_biomass_011_biomass_0.00.png
